0,1,0,2,0,3,0,4,0,5,0,6,0,7,0,8,0,9,0,10,0,11,0,12,0,13,0,14,0,15,0,16,0,17,0,18,0,19,0,20,0,21,0,22,0,23,0,24,0,25,0,26,0,27,0,28,0,29,0,30,0,31,0,32,0,33,0,34,0,35,0,36,0,37,0,38,0,39,0,40,0,41,0,42,0,43,0,44,0,45,0,46,0,47,0,48,0,49,0,50,0,51,0,52,0,53,0,54,0,55,0,56,0,57,0,58,0,59,0,60,0,61,0,62,0,63,0,64,0,65,0,66,0,67,0,68,0,69,0,70,0,71,0,72,0,73,0,74,0,75,0,76,0,77,0,78,0,79,0,80,0,81,0,82,0,83,0,84,0,85,0,86,0,87,0,88,0,89,0,90,0,91,0,92,0,93,0,94,0,95,0,96,0,97,0,98,0,99,0,100,0
0.005,0.99945,0.0011047,1.9995,0.00083186,2.9966,0.0066,3.997,0.0043,4.9971,0.0039,5.9974,0.00379,6.9938,0.003,7.9974,0.003,8.9976,0.002,9.9978,0.002,10.989,0.009,11.991,0.01,12.992,0.01,13.993,0.009,14.993,0.008,15.994,0.007,16.994,0.007,17.994,0.006,18.989,0.016,19.988,0.018,20.987,0.017,21.986,0.016,22.985,0.015,23.985,0.012,24.984,0.013,25.983,0.012,26.983,0.012,27.984,0.011,28.984,0.009,29.984,0.01,30.979,0.011,31.983,0.011,32.986,0.01,33.983,0.01,34.99,0.009,35.99,0.009,36.973,0.02,37.972,0.023,38.976,0.022,39.982,0.021,40.985,0.017,41.986,0.016,42.985,0.018,43.987,0.015,44.987,0.014,45.992,0.01,46.987,0.013,47.985,0.015,48.98,0.015,49.981,0.015,50.983,0.015,51.985,0.014,52.986,0.013,53.938,0.013,54.971,0.027,55.97,0.031,56.964,0.03,57.963,0.029,58.968,0.029,59.967,0.029,60.967,0.028,61.966,0.028,62.966,0.027,63.96,0.026,64.96,0.026,65.966,0.026,66.966,0.025,67.966,0.025,68.967,0.025,69.967,0.024,70.962,0.024,71.959,0.023,72.959,0.022,73.96,0.021,74.962,0.02,75.965,0.02,76.969,0.019,77.972,0.016,78.976,0.016,79.977,0.017,80.973,0.018,81.975,0.018,82.977,0.017,83.98,0.017,84.983,0.0176,85.984,0.016,86.969,0.031,87.968,0.036,88.963,0.035,89.959,0.034,90.96,0.034,91.959,0.033,92.958,0.033,93.963,0.033,94.962,0.033,95.956,0.0318,96.956,0.0314,97.962,0.0316,98.962,0.0312,99.962,0.0307
0.01,0.99779,0.0044098,1.9982,0.0033274,2.9865,0.0265,3.988,0.0177,4.9885,0.01565,5.9898,0.01299,6.987,0.013,7.9912,0.011,8.9919,0.01,9.9926,0.009,10.975,0.036,11.975,0.04,12.974,0.039,13.975,0.035,14.976,0.032,15.978,0.029,16.979,0.026,17.98,0.024,18.961,0.062,19.957,0.072,20.958,0.067,21.959,0.063,22.959,0.059,23.964,0.046,24.961,0.052,25.961,0.05,26.962,0.047,27.963,0.045,28.967,0.036,29.965,0.041,30.957,0.044,31.96,0.042,32.963,0.04,33.966,0.038,34.967,0.036,35.969,0.035,36.938,0.078,37.932,0.091,38.937,0.087,39.944,0.083,40.951,0.068,41.954,0.065,42.951,0.072,43.957,0.059,44.958,0.056,45.969,0.039,46.959,0.052,47.956,0.059,48.947,0.062,49.946,0.06,50.948,0.058,51.95,0.056,52.952,0.054,53.953,0.052,54.92,0.105,55.912,0.124,56.909,0.119,57.909,0.116,58.914,0.116,59.914,0.114,60.915,0.112,61.916,0.11,62.917,0.108,63.912,0.104,64.913,0.102,65.919,0.103,66.92,0.101,67.921,0.099,68.922,0.098,69.923,0.096,70.919,0.093,71.917,0.09,72.917,0.087,73.919,0.083,74.922,0.081,75.926,0.078,76.93,0.076,77.937,0.064,78.941,0.062,79.94,0.069,80.932,0.073,81.932,0.072,82.933,0.07,83.936,0.068,84.938,0.066,85.94,0.064,86.905,0.122,87.897,0.144,88.893,0.14,89.891,0.135,90.893,0.134,91.894,0.132,92.894,0.13,93.899,0.131,94.9,0.129,95.895,0.1243,96.895,0.1226,97.902,0.1235,98.903,0.1218,99.903,0.1201
0.015,0.99504,0.009888,1.996,0.0074867,2.9699,0.058475,3.9732,0.039679,4.9742,0.035033,5.9771,0.029534,6.9793,0.0292,7.9814,0.0253,8.9831,0.0224,9.9845,0.0201,10.956,0.0793,11.951,0.0897,12.945,0.0871,13.946,0.079,14.949,0.0712,15.952,0.0646,16.954,0.059,17.957,0.0542,18.91,0.1377,19.907,0.1598,20.913,0.1488,21.918,0.1391,22.922,0.1307,23.934,0.1035,24.929,0.1167,25.932,0.1109,26.935,0.1056,27.938,0.1009,28.947,0.0813,29.942,0.0926,30.932,0.0982,31.931,0.0949,32.931,0.0903,33.932,0.0859,34.933,0.0817,35.935,0.0779,36.889,0.1718,37.876,0.2023,38.88,0.1938,39.884,0.1843,40.899,0.1516,41.902,0.1439,42.896,0.16,43.909,0.1313,44.912,0.1259,45.93,0.0881,46.917,0.1166,47.91,0.1321,48.899,0.1375,49.895,0.1344,50.894,0.1297,51.894,0.125,52.895,0.1205,53.897,0.1162,54.84,0.2307,55.823,0.2723,56.827,0.2622,57.831,0.2562,58.834,0.2569,59.837,0.2521,60.84,0.2475,61.843,0.2431,62.846,0.2389,63.849,0.2299,64.851,0.2263,65.854,0.2272,66.856,0.2236,67.858,0.2202,68.861,0.2169,69.863,0.2137,70.865,0.2074,71.867,0.1998,72.87,0.1926,73.873,0.1859,74.875,0.1797,75.878,0.1741,76.88,0.1688,77.892,0.142,78.894,0.138,79.887,0.1552,80.873,0.162,81.868,0.1598,82.866,0.1558,83.855,0.1517,84.865,0.1476,85.866,0.1436,86.804,0.2684,87.783,0.317,88.787,0.3083,89.791,0.2986,90.794,0.2961,91.797,0.291,92.8,0.2871,93.804,0.2903,94.807,0.286,95.809,0.2756,96.812,0.2719,97.815,0.2738,98.817,0.27,99.819,0.2663
0.02,0.99121,0.017494,1.993,0.01331,2.9472,0.1022,3.9525,0.0702,4.9542,0.062,5.9594,0.05164,6.9633,0.0517,7.9669,0.0448,8.9699,0.0397,9.9724,0.0357,10.922,0.1378,11.914,0.1572,12.903,0.153,13.905,0.1391,14.909,0.1256,15.914,0.1142,16.919,0.1043,17.924,0.0959,18.853,0.2378,19.837,0.2781,20.846,0.2597,21.855,0.2432,22.862,0.2287,23.884,0.1814,24.875,0.2047,25.88,0.1947,26.885,0.1856,27.89,0.1774,28.906,0.143,29.898,0.1631,30.881,0.1727,31.877,0.1671,32.877,0.1593,33.879,0.1517,34.881,0.1445,35.884,0.1377,36.805,0.2964,37.781,0.3512,38.788,0.3377,39.796,0.3218,40.821,0.2652,41.827,0.2521,42.816,0.2805,43.839,0.2305,44.844,0.2212,45.875,0.1559,46.852,0.2051,47.841,0.2324,48.821,0.2417,49.814,0.2365,50.812,0.2284,51.813,0.2205,52.814,0.2128,53.817,0.2053,54.72,0.3964,55.688,0.4707,56.695,0.455,57.702,0.4449,58.707,0.445,59.713,0.437,60.718,0.4293,61.724,0.4218,62.728,0.4147,63.733,0.4003,64.738,0.3941,65.742,0.395,66.746,0.3889,67.75,0.3831,68.754,0.3774,69.758,0.372,70.761,0.362,71.766,0.3495,72.771,0.3373,73.775,0.3259,74.78,0.3153,75.784,0.3056,76.788,0.2966,77.809,0.2498,78.812,0.2428,79.8,0.2731,80.776,0.2848,81.767,0.2813,82.763,0.2744,83.761,0.2674,84.761,0.2605,85.762,0.2536,86.657,0.4607,87.619,0.547,88.624,0.534,89.631,0.5187,90.637,0.5137,91.643,0.5051,92.648,0.4986,93.654,0.5033,94.659,0.496,95.664,0.4792,96.668,0.473,97.673,0.4754,98.678,0.4689,99.682,0.4627
0.025,0.98632,0.027167,1.9891,0.02059,2.919,0.15449,3.9264,0.10834,4.9289,0.095926,5.9368,0.080494,6.9428,0.0804,7.9484,0.0698,8.9531,0.0619,9.957,0.0556,10.88,0.2092,11.867,0.2411,12.849,0.2353,13.852,0.2148,14.859,0.1944,15.866,0.177,16.874,0.162,17.881,0.1491,18.774,0.3584,19.748,0.423,20.762,0.3963,21.775,0.372,22.786,0.3506,23.82,0.2784,24.806,0.3146,25.814,0.2995,26.822,0.2858,27.829,0.2734,28.854,0.2205,29.841,0.2517,30.815,0.2663,31.809,0.2582,32.809,0.2463,33.811,0.235,34.815,0.2241,35.819,0.2139,36.699,0.4462,37.662,0.5326,38.672,0.5144,39.683,0.4916,40.722,0.4061,41.732,0.3868,42.714,0.4307,43.749,0.3545,44.757,0.3405,45.805,0.2421,46.77,0.3161,47.753,0.3582,48.722,0.3722,49.712,0.3648,50.708,0.3527,51.709,0.3412,52.711,0.3296,53.714,0.3183,54.57,0.594,55.519,0.7099,56.53,0.6895,57.54,0.6747,58.549,0.6733,59.557,0.6616,60.565,0.6503,61.573,0.6395,62.581,0.629,63.588,0.6092,64.595,0.6002,65.602,0.6,66.608,0.5911,67.614,0.5824,68.62,0.5741,69.626,0.566,70.63,0.5527,71.637,0.5348,72.644,0.517,73.651,0.5001,74.658,0.4845,75.665,0.47,76.671,0.4566,77.702,0.3852,78.708,0.3746,79.688,0.4212,80.652,0.4387,81.638,0.4339,82.632,0.4235,83.629,0.4135,84.629,0.4032,85.63,0.3928,86.472,0.6895,87.413,0.8234,88.42,0.8077,89.43,0.7873,90.439,0.7784,91.448,0.7659,92.457,0.7565,93.466,0.762,94.474,0.7514,95.48,0.7283,96.487,0.7192,97.495,0.7212,98.502,0.7117,99.509,0.7024
0.03,0.98039,0.038828,1.9844,0.0299,2.885,0.2164,3.8947,0.1544,4.8981,0.13702,5.9093,0.1157,6.9179,0.1151,7.9259,0.1001,8.9326,0.0888,9.9382,0.0799,10.829,0.2912,11.811,0.3393,12.785,0.3325,13.788,0.3049,14.798,0.2766,15.808,0.2526,16.819,0.2316,17.829,0.2133,18.681,0.4946,19.643,0.5897,20.662,0.5547,21.68,0.5223,22.695,0.4932,23.744,0.3922,24.723,0.4441,25.735,0.4233,26.745,0.4044,27.755,0.3872,28.791,0.3125,29.773,0.3571,30.735,0.3773,31.727,0.3667,32.726,0.3504,33.73,0.335,34.735,0.32,35.741,0.3056,36.575,0.6149,37.521,0.74,38.534,0.7185,39.549,0.6891,40.604,0.571,41.518,0.5448,42.592,0.6072,43.642,0.5009,44.652,0.4817,45.72,0.3462,46.672,0.4478,47.647,0.5075,48.603,0.5269,49.588,0.5175,50.583,0.5008,51.583,0.4854,52.586,0.4696,53.591,0.4539,54.393,0.8148,55.32,0.9806,56.333,0.9575,57.346,0.9377,58.36,0.9331,59.372,0.9176,60.384,0.9027,61.395,0.8883,62.405,0.8744,63.414,0.8503,64.423,0.8381,65.434,0.8356,66.443,0.8236,67.452,0.8119,68.46,0.8007,69.468,0.7899,70.473,0.7742,71.482,0.7511,72.492,0.7275,73.502,0.7049,74.511,0.6837,75.52,0.664,76.529,0.6457,77.574,0.5459,78.581,0.5312,79.554,0.5969,80.503,0.621,81.482,0.6152,82.473,0.601,83.469,0.5879,84.468,0.574,85.469,0.5596,86.255,0.9448,87.17,1.1346,88.178,1.1192,89.19,1.0953,90.204,1.0807,91.216,1.0643,92.228,1.0521,93.243,1.0572,94.254,1.0431,95.261,1.0148,96.271,1.0027,97.283,1.0028,98.293,0.99,99.302,0.9776
0.04,0.96554,0.067731,1.9724,0.0519,2.8044,0.3541,3.8168,0.2656,4.8217,0.23761,5.8406,0.2015,6.8553,0.2017,7.8692,0.1761,8.8808,0.1565,9.8906,0.141,10.709,0.4764,11.673,0.5702,12.628,0.5642,13.631,0.5229,14.646,0.4773,15.664,0.4388,16.682,0.4041,17.599,0.3731,18.459,0.7945,19.388,0.9685,20.418,0.92,21.447,0.8721,22.473,0.8279,23.555,0.6609,24.518,0.7513,25.538,0.7183,26.556,0.6881,27.573,0.6605,28.635,0.5344,29.603,0.6115,30.539,0.6444,31.522,0.63,32.521,0.6041,33.525,0.5806,34.534,0.5566,35.544,0.5327,36.278,0.986,37.18,1.2064,38.198,1.1857,39.221,1.1467,40.312,0.9576,41.335,0.9177,42.291,1.0245,43.375,0.8502,44.393,0.8196,45.507,0.6043,46.425,0.7649,47.383,0.8565,48.308,0.8982,49.28,0.8861,50.27,0.8598,51.269,0.8374,52.273,0.8132,53.23,0.7875,53.97,1.2955,54.841,1.5778,55.856,1.5596,56.878,1.5304,57.905,1.5131,58.926,1.491,59.945,1.4694,60.963,1.4483,61.98,1.4278,62.99,1.4013,64.006,1.3831,65.028,1.3701,66.043,1.3521,67.057,1.3346,68.071,1.3176,69.085,1.3012,70.09,1.2865,71.102,1.256,72.117,1.2221,73.132,1.1884,74.148,1.1562,75.163,1.1262,76.177,1.0977,77.253,0.933,78.266,0.9093,79.218,1.0202,80.133,1.0589,81.096,1.0528,82.078,1.0304,83.069,1.0126,84.067,0.9921,85.068,0.9688,85.735,1.5005,86.585,1.8169,87.592,1.8144,88.606,1.792,89.634,1.7605,90.654,1.7371,91.673,1.7203,92.702,1.7194,93.719,1.699,94.726,1.6668,95.743,1.6489,96.769,1.6395,97.784,1.6203,98.799,1.6016
0.05,0.94693,0.10332,1.9569,0.08054,2.7106,0.4998,3.7215,0.3981,4.727,0.35989,5.7544,0.3086,6.776,0.31,7.7974,0.271,8.815,0.242,9.83,0.218,10.573,0.674,11.505,0.831,12.439,0.832,13.439,0.782,14.458,0.719,15.483,0.666,16.51,0.617,17.535,0.571,18.202,1.105,19.088,1.375,20.13,1.321,21.171,1.263,22.208,1.206,23.331,0.968,24.274,1.104,25.302,1.06,26.329,1.019,27.353,0.981,28.448,0.796,29.397,0.912,30.306,0.959,31.275,0.944,32.268,0.909,33.272,0.879,34.283,0.846,35.297,0.812,35.948,1.372,36.793,1.701,37.807,1.694,38.831,1.654,39.96,1.395,40.991,1.344,41.924,1.502,43.048,1.256,44.075,1.215,45.238,0.923,46.123,1.139,47.059,1.288,47.952,1.334,48.906,1.323,49.886,1.287,50.881,1.261,51.884,1.23,52.892,1.194,53.491,1.793,54.292,2.196,55.309,2.199,56.342,2.162,57.386,2.124,58.415,2.097,59.442,2.071,60.468,2.045,61.493,2.02,62.504,2.001,63.527,1.978,64.562,1.946,65.584,1.923,66.604,1.901,67.624,1.879,68.643,1.859,69.646,1.854,70.66,1.823,71.678,1.783,72.697,1.741,73.715,1.7,74.734,1.661,75.753,1.624,76.865,1.39,77.882,1.357,78.807,1.519,79.687,1.573,80.626,1.571,81.592,1.54,82.575,1.522,83.568,1.497,84.567,1.465,85.138,2.078,85.91,2.52,86.912,2.548,87.927,2.54,88.974,2.485,90.003,2.457,91.031,2.438,92.077,2.424,93.102,2.399,94.109,2.381,95.133,2.3605,96.174,2.3288,97.196,2.3054,98.217,2.2824
0.07,0.89987,0.19024,1.9169,0.15347,2.5071,0.7652,3.4924,0.6998,4.4934,0.65072,5.5369,0.56877,6.5741,0.5797,7.6117,0.5137,8.6441,0.461,9.6719,0.4177,10.248,1.049,11.114,1.3721,11.984,1.4192,12.966,1.3724,13.989,1.284,15.027,1.2127,16.07,1.1378,17.114,1.0626,17.625,1.6922,18.398,2.1575,19.446,2.122,20.501,2.0626,21.557,1.9964,22.765,1.6312,23.66,1.8663,24.707,1.8065,25.751,1.7497,26.793,1.6955,27.962,1.393,28.868,1.5956,29.706,1.6724,30.645,1.6691,31.625,1.6212,32.628,1.5904,33.642,1.5477,34.663,1.4945,35.146,2.1219,35.862,2.642,36.858,2.7007,37.889,2.6881,39.095,2.3251,40.141,2.2641,41.022,2.5267,42.232,2.16,43.275,2.1027,44.545,1.705,45.356,1.9902,46.239,2.2373,47.054,2.316,47.964,2.3215,48.92,2.2731,49.902,2.2554,50.9,2.2213,51.909,2.1679,52.361,2.7816,53.013,3.3564,53.989,3.4326,55.036,3.3896,56.144,3.2963,57.186,3.2673,58.228,3.2373,59.268,3.2067,60.307,3.1762,61.287,3.2003,62.325,3.1726,63.416,3.0873,64.45,3.0585,65.483,3.0302,66.516,3.0025,67.547,2.9754,68.521,3.0186,69.528,3.0089,70.547,2.9742,71.572,2.9291,72.6,2.8814,73.63,2.8368,74.661,2.7909,75.854,2.4347,76.884,2.3876,77.755,2.6468,78.549,2.737,79.435,2.7554,80.368,2.7146,81.328,2.712,82.307,2.6909,83.298,2.6449,83.735,3.2516,84.351,3.8479,85.293,3.9624,86.275,4.0165,87.374,3.9044,88.415,3.8752,89.456,3.8595,90.567,3.8106,91.605,3.7815,92.573,3.7916,93.611,3.766,94.715,3.6901,95.75,3.6585,96.784,3.627
0.09,0.84238,0.29039,1.866,0.24502,2.309,0.9629,3.2325,1.0165,4.2169,0.97789,5.2702,0.87559,6.3217,0.9042,7.3767,0.8118,8.4255,0.7349,9.4682,0.6694,9.9188,1.3642,10.685,1.8578,11.481,1.9967,12.423,1.9915,13.433,1.8986,14.474,1.8313,15.528,1.7444,16.588,1.6445,17.026,2.2326,17.675,2.8172,18.712,2.8255,19.769,2.789,20.833,2.7329,22.121,2.2908,22.962,2.6055,24.023,2.5442,25.082,2.4834,26.139,2.423,27.387,2.0288,28.244,2.3073,29.016,2.4218,29.907,2.4486,30.859,2.3995,31.847,2.3883,32.856,2.3509,33.878,2.2858,34.306,2.8525,34.894,3.4571,35.84,3.5939,36.849,3.6332,38.104,3.2356,39.155,3.1813,39.982,3.5216,41.267,3.0961,42.324,3.0345,43.675,2.6188,44.435,2.9013,45.263,3.2201,46.01,3.3444,46.862,3.3857,47.775,3.3358,48.728,3.3494,49.707,3.3314,50.706,3.2695,51.147,3.7941,51.679,4.3976,52.587,4.5424,53.645,4.4987,54.832,4.3619,55.885,4.334,56.937,4.3038,57.988,4.2721,59.037,4.2398,59.967,4.307,61.016,4.2783,62.18,4.1444,63.225,4.1128,64.27,4.0815,65.313,4.0507,66.355,4.0204,67.28,4.1145,68.259,4.1424,69.262,4.1285,70.28,4.0946,71.306,4.0544,72.338,4.0201,73.373,3.9804,74.638,3.5557,75.677,3.5019,76.49,3.8275,77.214,3.9647,78.034,4.0221,78.914,3.9811,79.834,4.017,80.783,4.0193,81.753,3.9684,82.198,4.4821,82.7,5.0824,83.557,5.2647,84.478,5.3826,85.643,5.2277,86.69,5.2029,87.739,5.1947,88.929,5.1243,89.976,5.0943,90.886,5.1346,91.934,5.1096,93.116,4.9958,94.162,4.9596,95.207,4.9229
0.1,0.81082,0.34257,1.8364,0.29575,2.219,1.0328,3.0976,1.1706,4.068,1.1474,5.1225,1.0392,6.1844,1.08,7.2441,0.977,8.3011,0.888,9.3515,0.812,9.756,1.503,10.454,2.066,11.225,2.264,12.139,2.293,13.135,2.206,14.172,2.151,15.229,2.065,16.295,1.956,16.725,2.5,17.319,3.105,18.341,3.136,19.395,3.114,20.46,3.067,21.78,2.609,22.598,2.949,23.666,2.891,24.732,2.832,25.795,2.772,27.081,2.348,27.914,2.654,28.657,2.791,29.519,2.839,30.45,2.793,31.424,2.799,32.425,2.771,33.444,2.703,33.861,3.225,34.406,3.831,35.322,3.999,36.313,4.064,37.578,3.672,38.627,3.625,39.43,3.987,40.744,3.559,41.806,3.499,43.185,3.103,43.93,3.362,44.733,3.7,45.453,3.852,46.274,3.917,47.161,3.871,48.093,3.907,49.057,3.903,50.044,3.841,50.499,4.32,51,4.902,51.867,5.068,52.929,5.025,54.157,4.876,55.213,4.849,56.269,4.818,57.325,4.786,58.379,4.754,59.284,4.831,60.338,4.802,61.538,4.654,62.589,4.621,63.638,4.588,64.686,4.555,65.733,4.527,66.635,4.634,67.601,4.679,68.595,4.676,69.606,4.649,70.626,4.615,71.653,4.59,72.686,4.558,73.976,4.123,75.016,4.068,75.802,4.409,76.495,4.575,77.282,4.658,78.131,4.622,79.025,4.682,79.952,4.702,80.904,4.652,81.375,5.124,81.853,5.696,82.659,5.898,83.542,6.039,84.74,5.873,85.788,5.851,86.839,5.846,88.068,5.774,89.118,5.745,89.998,5.7832,91.051,5.7589,92.271,5.6436,93.322,5.6055,94.372,5.5666
0.125,0.72711,0.47131,1.7551,0.43215,2.0358,1.1721,2.7844,1.5028,3.7006,1.5485,4.7407,1.4476,5.7961,1.5397,6.8748,1.4199,7.9501,1.3084,9.0193,1.2051,9.3796,1.8282,9.9571,2.4913,10.61,2.8508,11.432,2.9884,12.371,2.9435,13.378,2.9397,14.425,2.877,15.494,2.7602,15.983,3.1897,16.483,3.7618,17.458,3.8342,18.485,3.8456,19.535,3.8196,20.902,3.3772,21.665,3.7283,22.736,3.6841,23.808,3.6358,24.88,3.582,26.243,3.1392,27.019,3.47,27.703,3.6726,28.491,3.781,29.361,3.7577,30.29,3.8175,31.26,3.8262,32.26,3.7635,32.775,4.1893,33.247,4.7378,34.069,4.9485,34.995,5.0647,36.238,4.7217,37.267,4.6925,38.023,5.0656,39.371,4.6897,40.436,4.6419,41.838,4.3342,42.576,4.5059,43.329,4.8433,44,5.07,44.743,5.2044,45.555,5.1866,46.423,5.2839,47.335,5.3281,48.232,5.2747,48.874,5.6723,49.357,6.1754,50.125,6.3669,51.188,6.3245,52.509,6.1714,53.57,6.1436,54.632,6.1117,55.694,6.0762,56.756,6.0394,57.577,6.1196,58.639,6.0883,59.939,5.9312,60.999,5.8937,62.057,5.8565,63.115,5.8192,64.171,5.7825,64.989,5.9002,65.888,5.9695,66.832,5.9827,67.805,5.9666,68.8,5.945,69.81,5.9469,70.832,5.9381,72.162,5.5322,73.205,5.4827,73.942,5.8147,74.593,6.0563,75.302,6.2119,76.07,6.2096,76.89,6.335,77.752,6.4082,78.649,6.3706,79.263,6.7708,79.75,7.2665,80.454,7.4878,81.238,7.6634,82.507,7.4975,83.549,7.4819,84.597,7.4835,85.909,7.4222,86.962,7.3919,87.761,7.4322,88.819,7.4096,90.134,7.2905,91.193,7.2476,92.252,7.2031
0.15,0.64129,0.58874,1.6612,0.58352,1.906,1.2458,2.4921,1.7742,3.328,1.9314,4.331,1.8662,5.3873,2.003,6.4698,1.885,7.5579,1.761,8.6427,1.637,9.0209,2.16,9.4723,2.829,10.054,3.324,10.769,3.587,11.623,3.611,12.574,3.68,13.587,3.665,14.539,3.558,15.237,3.905,15.714,4.401,16.632,4.492,17.618,4.523,18.639,4.51,20.005,4.123,20.739,4.435,21.803,4.405,22.874,4.369,23.946,4.322,25.356,3.919,26.095,4.22,26.74,4.483,27.46,4.659,28.26,4.675,29.127,4.794,30.047,4.851,31.009,4.805,31.632,5.172,32.113,5.653,32.859,5.874,33.719,6.019,34.887,5.735,35.879,5.72,36.613,6.067,37.94,5.783,38.995,5.753,40.366,5.536,41.131,5.631,41.859,5.921,42.51,6.207,43.192,6.416,43.93,6.453,44.724,6.61,45.568,6.709,46.455,6.677,47.172,7.023,47.715,7.458,48.4,7.671,49.454,7.634,50.841,7.489,51.9,7.463,52.962,7.432,54.026,7.395,55.091,7.359,55.842,7.42,56.91,7.387,58.29,7.245,59.357,7.204,60.422,7.164,61.488,7.122,62.552,7.088,63.301,7.176,64.135,7.245,65.024,7.257,65.953,7.238,66.912,7.219,67.893,7.244,68.893,7.258,70.212,6.917,71.247,6.875,71.965,7.159,72.604,7.46,73.259,7.694,73.956,7.757,74.7,7.945,75.487,8.076,76.314,8.065,77.046,8.415,77.611,8.858,78.241,9.092,78.934,9.289,80.239,9.143,81.264,9.136,82.298,9.143,83.659,9.089,84.708,9.065,85.442,9.1157,86.499,9.1003,87.881,8.9942,88.943,8.9535,90.007,8.9103
0.175,0.55811,0.68851,1.5603,0.73603,1.8184,1.3297,2.2629,1.9657,2.9974,2.2558,3.9371,2.2532,4.9692,2.4468,6.0466,2.3497,7.1384,2.2271,8.233,2.0885,8.6804,2.5159,9.0948,3.1354,9.5711,3.7123,10.179,4.0921,10.934,4.2057,11.805,4.3545,12.762,4.4002,13.776,4.3202,14.477,4.6163,14.99,5.0477,15.859,5.1478,16.806,5.1927,17.798,5.1849,19.126,4.8573,19.858,5.1155,20.911,5.0963,21.972,5.0697,23.039,5.0287,24.461,4.6918,25.184,4.9322,25.819,5.2326,26.478,5.4723,27.201,5.5432,27.993,5.7172,28.846,5.8261,29.752,5.805,30.474,6.1346,31.022,6.5695,31.708,6.7965,32.496,6.9586,33.557,6.7235,34.502,6.7197,35.234,7.0353,36.497,6.8398,37.53,6.8283,38.829,6.6685,39.643,6.7268,40.375,6.9607,41.037,7.2757,41.683,7.5495,42.357,7.6627,43.075,7.8759,43.842,8.03,44.655,8.0325,45.434,8.3392,46.068,8.7405,46.717,8.9565,47.763,8.9301,49.169,8.7906,50.225,8.7696,51.287,8.7425,52.353,8.708,53.422,8.6712,54.151,8.7259,55.222,8.6936,56.635,8.5686,57.707,8.5283,58.779,8.4875,59.851,8.445,60.922,8.4027,61.646,8.4711,62.434,8.5318,63.271,8.535,64.149,8.5057,65.06,8.4784,65.999,8.5207,66.961,8.5542,68.22,8.2699,69.232,8.2364,69.951,8.4708,70.608,8.7999,71.236,9.099,71.877,9.2502,72.548,9.496,73.256,9.687,74.003,9.7216,74.775,10.03,75.431,10.427,76.034,10.674,76.674,10.889,77.974,10.767,78.978,10.771,79.998,10.784,81.352,10.72,82.396,10.7,83.117,10.744,84.17,10.741,85.563,10.647,86.627,10.609,87.694,10.567
0.2,0.48078,0.76865,1.4585,0.88056,1.7425,1.4176,2.0771,2.1207,2.7113,2.5308,3.5775,2.6041,4.5604,2.858,5.6197,2.799,6.7056,2.691,7.8031,2.547,8.3376,2.891,8.7133,3.444,9.1552,4.047,9.6693,4.52,10.32,4.732,11.099,4.96,11.98,5.074,12.937,5.033,13.715,5.301,14.293,5.69,15.125,5.801,16.035,5.86,16.993,5.858,18.254,5.577,19,5.791,20.033,5.781,21.079,5.764,22.135,5.726,23.538,5.455,24.266,5.631,24.907,5.939,25.527,6.229,26.187,6.365,26.908,6.589,27.69,6.748,28.53,6.76,29.327,7.062,29.942,7.464,30.594,7.7,31.322,7.879,32.266,7.684,33.156,7.69,33.897,7.984,35.066,7.857,36.069,7.863,37.274,7.725,38.137,7.785,38.89,7.98,39.579,8.297,40.212,8.615,40.843,8.811,41.5,9.076,42.195,9.287,42.934,9.34,43.741,9.615,44.439,9.976,45.074,10.204,46.103,10.19,47.493,10.051,48.542,10.036,49.598,10.014,50.659,9.984,51.725,9.954,52.446,10.007,53.516,9.979,54.938,9.867,56.012,9.83,57.086,9.792,58.161,9.751,59.237,9.72,59.951,9.762,60.701,9.815,61.491,9.811,62.321,9.773,63.166,9.739,64.083,9.791,65.006,9.841,66.18,9.589,67.164,9.56,67.903,9.766,68.596,10.096,69.223,10.437,69.835,10.676,70.456,10.976,71.101,11.229,71.776,11.329,72.551,11.609,73.259,11.964,73.662,12.22,74.471,12.446,75.73,12.345,76.706,12.359,77.701,12.375,79.015,12.288,80.043,12.277,80.766,12.355,81.807,12.36,83.182,12.264,84.24,12.233,85.304,12.199
0.25,0.34974,0.87768,1.2522,1.1457,1.6258,1.6052,1.8354,2.3215,2.2731,2.9329,2.9614,3.1979,3.8251,3.5586,4.8047,3.6135,5.8475,3.5693,6.9254,3.4417,7.6159,3.6672,8.0746,4.0957,8.4606,4.6534,8.8521,5.2175,9.3268,5.6106,9.9162,5.9838,10.621,6.2395,11.428,6.303,12.254,6.555,12.947,6.8993,13.716,7.0456,14.555,7.1436,15.447,7.1673,16.546,6.9475,17.348,7.1216,18.34,7.1381,19.352,7.1428,20.38,7.1149,21.689,6.931,22.471,7.0236,23.157,7.2874,23.761,7.6188,24.346,7.8777,24.953,8.1861,25.601,8.4425,26.3,8.5457,27.079,8.8125,27.794,9.1593,28.421,9.4127,29.078,9.6206,29.815,9.5075,30.599,9.5324,31.353,9.8065,32.308,9.7646,33.224,9.8021,34.239,9.6545,35.153,9.7703,35.964,9.9556,36.719,10.244,37.388,10.589,38.005,10.908,38.601,11.26,39.199,11.579,39.814,11.771,40.542,12.035,41.277,12.343,41.887,12.583,42.862,12.592,44.169,12.447,45.18,12.439,46.204,12.426,47.24,12.401,48.285,12.374,49.026,12.452,50.083,12.436,51.458,12.335,52.525,12.308,53.595,12.279,54.668,12.245,55.743,12.211,56.495,12.254,57.229,12.305,57.971,12.304,58.733,12.268,59.519,12.222,60.331,12.294,61.17,12.367,62.139,12.13,63.044,12.102,63.833,12.31,64.59,12.608,65.27,12.964,65.895,13.314,66.488,13.694,67.068,14.056,67.648,14.317,68.332,14.614,69.044,14.934,69.642,15.203,70.214,15.442,71.325,15.364,72.221,15.387,73.144,15.403,74.325,15.254,75.299,15.246,76.041,15.38,77.038,15.408,78.314,15.308,79.343,15.292,80.38,15.272
0.3,0.25127,0.93687,1.0586,1.3624,1.5115,1.7953,1.6951,2.4705,1.9863,3.1899,2.5015,3.6426,3.2184,4.097,4.0858,4.293,5.0499,4.347,6.0764,4.269,6.8774,4.431,7.4307,4.771,7.8674,5.25,8.2232,5.808,8.5909,6.312,9.0285,6.795,9.5646,7.182,10.204,7.377,10.963,7.652,11.689,7.981,12.402,8.169,13.174,8.312,14.001,8.375,14.943,8.206,15.786,8.38,16.729,8.432,17.698,8.469,18.689,8.461,19.869,8.31,20.72,8.388,21.473,8.599,22.118,8.912,22.695,9.236,23.249,9.601,23.808,9.94,24.394,10.157,25.079,10.431,25.797,10.746,26.399,11.01,27.008,11.236,27.604,11.213,28.288,11.26,29.024,11.512,29.786,11.531,30.599,11.591,31.444,11.441,32.341,11.598,33.184,11.812,33.989,12.083,34.719,12.415,35.378,12.777,35.983,13.171,36.555,13.564,37.11,13.892,37.727,14.217,38.407,14.544,38.997,14.814,39.9,14.844,41.087,14.688,42.039,14.688,43.012,14.682,44.002,14.661,45.005,14.643,45.768,14.749,46.793,14.748,48.079,14.647,49.12,14.628,50.168,14.609,51.221,14.581,52.278,14.565,53.079,14.607,53.828,14.667,54.554,14.683,55.275,14.671,56.003,14.635,56.745,14.715,57.504,14.803,58.291,14.583,59.108,14.551,59.918,14.772,60.712,15.041,61.453,15.368,62.135,15.734,62.765,16.133,63.355,16.546,63.917,16.929,64.512,17.303,65.162,17.672,65.751,17.992,66.313,18.271,67.246,18.189,68.05,18.222,68.887,18.242,69.907,18.039,70.806,18.033,71.555,18.189,72.488,18.246,73.624,18.181,74.598,18.195,75.585,18.202
0.4,0.13044,0.98298,0.73794,1.6566,1.2688,2.1428,1.5195,2.7437,1.6831,3.4991,1.9512,4.1837,2.3939,4.792,3.0031,5.257,3.755,5.552,4.6139,5.644,5.4647,5.804,6.1879,6.064,6.7617,6.435,7.1977,6.903,7.5406,7.435,7.8477,8.002,8.1686,8.553,8.5424,8.998,9.0418,9.405,9.6295,9.79,10.206,10.071,10.829,10.304,11.503,10.454,12.196,10.415,12.997,10.604,13.809,10.733,14.659,10.844,15.542,10.894,16.481,10.778,17.392,10.901,18.246,11.082,19.014,11.338,19.691,11.658,20.289,12.033,20.829,12.44,21.334,12.828,21.862,13.206,22.438,13.576,22.993,13.899,23.518,14.176,23.98,14.317,24.506,14.44,25.12,14.653,25.633,14.782,26.244,14.883,26.836,14.824,27.576,14.969,28.343,15.185,29.126,15.444,29.894,15.746,30.628,16.088,31.314,16.466,31.95,16.876,32.538,17.307,33.099,17.753,33.652,18.201,34.207,18.609,34.951,18.713,35.882,18.554,36.691,18.603,37.526,18.641,38.384,18.652,39.264,18.662,40.004,18.869,40.919,18.914,42.011,18.799,42.957,18.81,43.916,18.817,44.886,18.809,45.867,18.81,46.693,18.919,47.46,19.037,48.183,19.123,48.877,19.193,49.55,19.217,50.213,19.321,50.873,19.427,51.466,19.337,52.138,19.321,52.89,19.489,53.657,19.702,54.423,19.964,55.173,20.268,55.893,20.606,56.577,20.978,57.222,21.382,57.829,21.816,58.406,22.27,59.006,22.715,59.535,23.139,60.221,23.062,60.864,23.157,61.532,23.23,62.263,23.007,62.991,23.027,63.69,23.222,64.458,23.331,65.315,23.332,66.134,23.397,66.973,23.453
0.5,0.070592,0.99502,0.50953,1.8175,1.0313,2.4166,1.3603,3.0053,1.5262,3.7318,1.6856,4.4777,1.9378,5.182,2.3351,5.828,2.8701,6.339,3.531,6.64,4.289,6.903,5.0315,7.181,5.6864,7.523,6.2324,7.937,6.6672,8.419,7.0114,8.96,7.2976,9.539,7.5635,10.106,7.872,10.65,8.2524,11.157,8.6621,11.561,9.1224,11.901,9.634,12.156,10.153,12.264,10.809,12.486,11.468,12.687,12.172,12.867,12.918,12.98,13.667,12.942,14.519,13.094,15.374,13.29,16.192,13.536,16.951,13.828,17.642,14.168,18.262,14.552,18.82,14.969,19.346,15.41,19.839,15.86,20.338,16.279,20.808,16.658,21.242,16.949,21.682,17.196,22.161,17.456,22.567,17.685,23.029,17.858,23.472,17.943,24.019,18.082,24.619,18.263,25.26,18.489,25.932,18.76,26.619,19.067,27.304,19.407,27.973,19.777,28.615,20.175,29.218,20.612,29.775,21.078,30.345,21.555,30.981,21.737,31.703,21.644,32.395,21.759,33.111,21.856,33.849,21.919,34.609,21.976,35.31,22.269,36.106,22.377,37.007,22.282,37.842,22.338,38.693,22.387,39.56,22.412,40.44,22.443,41.239,22.64,42.003,22.85,42.731,23.042,43.424,23.224,44.088,23.361,44.725,23.533,45.342,23.694,45.893,23.766,46.48,23.828,47.122,23.96,47.78,24.127,48.459,24.337,49.154,24.586,49.855,24.863,50.553,25.171,51.241,25.507,51.898,25.878,52.522,26.283,53.154,26.712,53.774,27.162,54.276,27.163,54.841,27.321,55.416,27.456,55.97,27.315,56.575,27.38,57.217,27.609,57.851,27.763,58.491,27.82,59.165,27.931,59.859,28.029
0.6,0.040325,0.99837,0.35416,1.9023,0.8255,2.6129,1.193,3.2374,1.4003,3.9476,1.5363,4.6903,1.6948,5.437,1.9445,6.175,2.3062,6.832,2.7864,7.32,3.3942,7.724,4.0519,8.086,4.7049,8.459,5.3031,8.867,5.8182,9.323,6.2418,9.829,6.5848,10.382,6.8649,10.967,7.1166,11.568,7.3767,12.163,7.6596,12.684,7.9786,13.14,8.3415,13.514,8.7237,13.77,9.2101,14.062,9.7165,14.343,10.27,14.596,10.868,14.78,11.464,14.847,12.189,15.02,12.951,15.233,13.723,15.486,14.485,15.775,15.216,16.098,15.902,16.456,16.535,16.849,17.112,17.282,17.636,17.745,18.134,18.215,18.614,18.672,19.072,19.081,19.494,19.455,19.904,19.816,20.284,20.15,20.666,20.428,21.036,20.653,21.44,20.858,21.883,21.064,22.36,21.288,22.881,21.541,23.44,21.823,24.029,22.134,24.636,22.471,25.25,22.833,25.849,23.228,26.431,23.654,27.01,24.109,27.573,24.334,28.144,24.331,28.749,24.493,29.374,24.634,30.017,24.741,30.68,24.84,31.346,25.155,32.042,25.315,32.779,25.284,33.514,25.383,34.265,25.471,35.033,25.532,35.817,25.596,36.575,25.838,37.32,26.11,38.043,26.385,38.74,26.662,39.409,26.914,40.049,27.177,40.663,27.429,41.237,27.638,41.801,27.815,42.373,28.005,42.944,28.197,43.529,28.408,44.131,28.642,44.75,28.893,45.385,29.169,46.031,29.469,46.671,29.791,47.309,30.139,47.937,30.511,48.563,30.909,49.034,30.988,49.568,31.178,50.099,31.349,50.571,31.301,51.106,31.401,51.701,31.662,52.248,31.857,52.753,31.967,53.323,32.119,53.904,32.257
0.7,0.024285,0.99941,0.24952,1.9467,0.65,2.7462,1.0277,3.4291,1.2741,4.1462,1.4245,4.8778,1.5522,5.635,1.7132,6.411,1.9546,7.151,2.2929,7.774,2.7488,8.313,3.2864,8.784,3.8742,9.225,4.461,9.657,5.0079,10.131,5.4892,10.626,5.8982,11.158,6.2366,11.726,6.5109,12.329,6.7498,12.953,6.9801,13.545,7.2173,14.093,7.4767,14.574,7.7569,14.96,8.0983,15.346,8.4697,15.716,8.8843,16.05,9.3425,16.317,9.8091,16.494,10.387,16.709,11.011,16.947,11.679,17.215,12.374,17.511,13.075,17.835,13.765,18.185,14.43,18.562,15.044,18.974,15.624,19.42,16.167,19.891,16.688,20.373,17.187,20.844,17.637,21.3,18.047,21.748,18.447,22.173,18.815,22.557,19.169,22.904,19.509,23.212,19.857,23.501,20.22,23.779,20.611,24.059,21.036,24.349,21.496,24.655,21.99,24.98,22.511,25.324,23.043,25.691,23.59,26.083,24.133,26.502,24.626,26.75,25.088,26.818,25.614,27.012,26.156,27.183,26.716,27.325,27.292,27.456,27.912,27.766,28.52,27.961,29.124,28.001,29.768,28.137,30.43,28.258,31.107,28.352,31.8,28.446,32.513,28.699,33.225,28.989,33.93,29.298,34.621,29.621,35.294,29.945,35.947,30.274,36.577,30.602,37.192,30.91,37.775,31.197,38.333,31.48,38.876,31.75,39.415,32.02,39.954,32.294,40.501,32.568,41.059,32.854,41.63,33.153,42.21,33.463,42.802,33.79,43.385,34.133,43.974,34.496,44.448,34.631,44.961,34.842,45.464,35.038,45.908,35.059,46.398,35.19,46.943,35.48,47.433,35.715,47.867,35.874,48.363,36.066,48.865,36.24
0.8,0.015335,0.99977,0.1786,1.9702,0.5123,2.8339,0.8743,3.5794,1.1454,4.3202,1.3206,5.0511,1.4464,5.809,1.5667,6.596,1.7326,7.376,1.9688,8.085,2.2994,8.729,2.7203,9.304,3.2115,9.83,3.7411,10.33,4.2732,10.827,4.7754,11.336,5.2273,11.867,5.6196,12.424,5.9399,13.014,6.2095,13.635,6.4429,14.256,6.6571,14.856,6.8683,15.413,7.0886,15.902,7.3331,16.376,7.6042,16.831,7.9086,17.249,8.2495,17.602,8.6078,17.885,9.0469,18.163,9.5351,18.445,10.077,18.741,10.663,19.056,11.281,19.391,11.918,19.747,12.558,20.123,13.174,20.526,13.776,20.956,14.358,21.416,14.911,21.895,15.442,22.386,15.932,22.877,16.377,23.37,16.815,23.855,17.212,24.318,17.589,24.756,17.927,25.162,18.249,25.546,18.565,25.906,18.885,26.252,19.218,26.59,19.574,26.927,19.956,27.269,20.368,27.619,20.806,27.981,21.269,28.359,21.74,28.759,22.163,29.025,22.543,29.145,22.991,29.364,23.453,29.559,23.93,29.73,24.423,29.889,24.977,30.194,25.501,30.414,25.999,30.512,26.557,30.678,27.131,30.83,27.722,30.954,28.329,31.077,28.983,31.332,29.647,31.624,30.317,31.938,30.986,32.273,31.651,32.624,32.306,32.981,32.949,33.349,33.589,33.713,34.196,34.072,34.769,34.429,35.322,34.777,35.856,35.121,36.377,35.462,36.889,35.795,37.399,36.127,37.911,36.46,38.433,36.795,38.963,37.136,39.491,37.483,40.023,37.842,40.51,38.032,41.002,38.27,41.484,38.495,41.926,38.58,42.386,38.74,42.878,39.058,43.331,39.33,43.737,39.535,44.182,39.764,44.627,39.973
0.9,0.010091,0.9999,0.12995,1.9829,0.40437,2.8909,0.73812,3.6931,1.0187,4.4689,1.2165,5.2085,1.3521,5.968,1.4623,6.755,1.586,7.552,1.754,8.312,1.9924,9.028,2.3132,9.689,2.7041,10.296,3.1541,10.864,3.6377,11.411,4.1262,11.952,4.5915,12.499,5.0165,13.061,5.3789,13.645,5.6909,14.256,5.9519,14.885,6.1785,15.509,6.3834,16.111,6.5814,16.67,6.7782,17.211,6.9889,17.737,7.2189,18.229,7.4741,18.664,7.7492,19.043,8.0754,19.395,8.4473,19.734,8.8673,20.074,9.3346,20.42,9.8452,20.778,10.391,21.149,10.963,21.535,11.546,21.94,12.125,22.367,12.709,22.82,13.265,23.294,13.811,23.787,14.329,24.288,14.81,24.797,15.285,25.312,15.72,25.819,16.134,26.316,16.504,26.792,16.845,27.252,17.165,27.691,17.469,28.113,17.766,28.518,18.065,28.912,18.374,29.298,18.7,29.68,19.051,30.064,19.424,30.453,19.812,30.854,20.169,31.143,20.491,31.311,20.866,31.556,21.252,31.776,21.652,31.975,22.066,32.159,22.54,32.463,22.984,32.703,23.396,32.845,23.871,33.039,24.362,33.216,24.868,33.369,25.39,33.519,25.972,33.778,26.572,34.07,27.188,34.385,27.813,34.719,28.446,35.075,29.079,35.437,29.711,35.817,30.347,36.204,30.961,36.597,31.545,36.994,32.114,37.39,32.662,37.79,33.19,38.19,33.701,38.581,34.198,38.971,34.686,39.358,35.175,39.74,35.661,40.121,36.147,40.498,36.634,40.879,37.131,41.137,37.609,41.418,38.077,41.683,38.528,41.84,38.972,42.04,39.421,42.384,39.851,42.69,40.253,42.938,40.667,43.201,41.076,43.442
1,0.0068811,0.99995,0.09612,1.9899,0.32046,2.9278,0.6206,3.7771,0.89873,4.5896,1.1121,5.3485,1.262,6.113,1.3763,6.901,1.481,7.703,1.6073,8.49,1.7819,9.252,2.0213,9.975,2.3248,10.652,2.6922,11.286,3.11,11.888,3.5583,12.472,4.0097,13.05,4.4433,13.629,4.8343,14.22,5.1814,14.83,5.4734,15.46,5.7254,16.095,5.946,16.721,6.1459,17.323,6.3312,17.91,6.515,18.488,6.7043,19.035,6.906,19.543,7.1235,20.002,7.3684,20.427,7.6499,20.831,7.9681,21.224,8.3277,21.612,8.7306,22.003,9.1754,22.399,9.6573,22.804,10.174,23.221,10.699,23.654,11.242,24.11,11.778,24.583,12.313,25.077,12.837,25.581,13.339,26.093,13.834,26.621,14.3,27.148,14.747,27.677,15.156,28.195,15.533,28.705,15.882,29.203,16.205,29.687,16.507,30.157,16.795,30.613,17.076,31.056,17.357,31.488,17.651,31.914,17.954,32.336,18.273,32.758,18.576,33.083,18.858,33.304,19.171,33.581,19.493,33.832,19.826,34.062,20.17,34.275,20.562,34.583,20.932,34.842,21.277,35.021,21.674,35.24,22.086,35.44,22.513,35.62,22.954,35.794,23.454,36.059,23.978,36.354,24.522,36.669,25.083,37.003,25.658,37.357,26.244,37.719,26.836,38.1,27.439,38.491,28.033,38.896,28.613,39.307,29.185,39.724,29.741,40.151,30.281,40.585,30.804,41.016,31.31,41.45,31.801,41.885,32.282,42.315,32.752,42.744,33.219,43.164,33.631,43.582,34.185,43.916,34.655,44.254,35.117,44.573,35.579,44.812,36.018,45.067,36.44,45.435,36.862,45.772,37.272,46.059,37.673,46.354,38.065,46.625
1.25,0.0029947,0.99999,0.0484,1.9971,0.18375,2.9732,0.42798,3.9,0.64332,4.7918,0.86482,5.6153,1.0456,6.4157,1.182,7.2159,1.2872,8.0243,1.3789,8.8361,1.4761,9.6465,1.5958,10.449,1.7537,11.233,1.9595,11.99,2.216,12.716,2.52,13.414,2.8628,14.088,3.2318,14.745,3.61,15.393,3.9821,16.038,4.3195,16.694,4.6267,17.353,4.902,18.01,5.1422,18.668,5.364,19.312,5.5586,19.959,5.7358,20.596,5.9013,21.21,6.0619,21.802,6.2194,22.365,6.3821,22.907,6.5559,23.43,6.747,23.938,6.9608,24.434,7.2023,24.92,7.475,25.401,7.7817,25.88,8.122,26.361,8.4922,26.849,8.8899,27.347,9.3098,27.86,9.7497,28.378,10.204,28.901,10.665,29.444,11.129,29.991,11.591,30.549,12.045,31.106,12.484,31.666,12.905,32.229,13.304,32.794,13.678,33.358,14.028,33.918,14.354,34.474,14.658,35.023,14.941,35.565,15.21,36.1,15.469,36.622,15.714,37.075,15.95,37.451,16.184,37.848,16.415,38.212,16.646,38.554,16.878,38.866,17.119,39.224,17.359,39.553,17.595,39.832,17.846,40.121,18.105,40.387,18.372,40.637,18.65,40.869,18.957,41.159,19.282,41.465,19.628,41.786,19.994,42.123,20.362,42.474,20.79,42.839,21.219,43.217,21.664,43.61,22.129,44.011,22.61,44.422,23.103,44.844,23.604,45.277,24.109,45.722,24.615,46.177,25.119,46.643,25.618,47.118,26.109,47.602,26.59,48.093,27.064,48.588,27.527,49.085,28.018,49.565,28.488,50.036,28.952,50.496,29.427,50.924,29.876,51.338,30.298,51.755,30.729,52.158,31.169,52.527,31.581,52.886,31.981,53.218
1.5,0.0014937,1,0.02651,1.999,0.1102,2.9892,0.26235,3.9538,0.45565,4.8955,0.65662,5.7806,0.8378,6.63,0.9961,7.462,1.1192,8.288,1.2174,9.113,1.3052,9.939,1.3933,10.766,1.4812,11.592,1.5925,12.408,1.7379,13.209,1.928,13.99,2.1551,14.75,2.417,15.489,2.6907,16.212,3.002,16.921,3.3155,17.63,3.6237,18.334,3.9191,19.032,4.1894,19.73,4.4526,20.411,4.6866,21.097,4.899,21.777,5.0914,22.445,5.2648,23.107,5.4277,23.745,5.5837,24.37,5.7274,24.983,5.8649,25.583,6.0025,26.171,6.1467,26.747,6.3025,27.313,6.4893,27.871,6.6766,28.423,6.9156,28.97,7.1491,29.517,7.4077,30.067,7.694,30.62,8.0082,31.173,8.3463,31.74,8.7069,32.309,9.0843,32.888,9.479,33.465,9.883,34.046,10.292,34.634,10.699,35.226,11.1,35.822,11.491,36.422,11.867,37.024,12.227,37.628,12.574,38.232,12.894,38.836,13.202,39.438,13.483,40.001,13.741,40.515,13.992,41.033,14.232,41.523,14.45,41.993,14.679,42.432,14.892,42.884,15.097,43.315,15.296,43.713,15.493,44.101,15.688,44.463,15.883,44.808,16.079,45.131,16.279,45.471,16.488,45.817,16.705,46.168,16.932,46.526,17.171,46.895,17.422,47.266,17.687,47.651,17.965,48.049,18.26,48.456,18.574,48.866,18.908,49.283,19.26,49.713,19.628,50.156,20.013,50.602,20.411,51.062,20.821,51.533,21.244,52.013,21.669,52.502,22.104,53,22.541,53.51,22.986,54.03,23.433,54.551,23.881,55.072,24.334,55.593,24.783,56.106,25.221,56.572,25.664,57.033,26.111,57.476,26.545,57.915,26.973,58.337
2,0.00048903,1,0.00964,1.9999,0.04481,2.9978,0.11982,3.989,0.23265,4.9729,0.37202,5.9302,0.5237,6.8599,0.672,7.7642,0.808,8.6479,0.9266,9.5175,1.03,10.376,1.1178,11.229,1.1924,12.083,1.2604,12.937,1.3287,13.79,1.4044,14.641,1.4941,15.487,1.6034,16.324,1.7353,17.152,1.8918,17.97,2.0692,18.782,2.2651,19.585,2.4755,20.379,2.6915,21.168,2.922,21.938,3.1488,22.704,3.3726,23.462,3.5901,24.211,3.7933,24.957,3.9972,25.683,4.1907,26.4,4.3732,27.109,4.5438,27.81,4.7024,28.504,4.8492,29.19,4.9853,29.87,5.1121,30.543,5.2316,31.21,5.3463,31.87,5.4599,32.522,5.5763,33.167,5.6982,33.808,5.8283,34.447,5.9707,35.081,6.1262,35.715,6.2974,36.349,6.4852,36.983,6.6907,37.618,6.9144,38.255,7.156,38.894,7.4147,39.536,7.6893,40.181,7.9779,40.827,8.2735,41.477,8.5886,42.129,8.9052,42.784,9.2253,43.443,9.5267,44.104,9.8083,44.757,10.1,45.404,10.386,46.04,10.664,46.669,10.933,47.281,11.206,47.891,11.456,48.494,11.686,49.082,11.918,49.656,12.141,50.21,12.354,50.752,12.558,51.27,12.759,51.782,12.952,52.285,13.138,52.777,13.315,53.262,13.486,53.739,13.651,54.211,13.812,54.678,13.97,55.142,14.125,55.605,14.279,56.066,14.434,56.529,14.592,56.993,14.754,57.459,14.923,57.93,15.099,58.404,15.285,58.884,15.482,59.368,15.689,59.858,15.909,60.356,16.141,60.86,16.379,61.374,16.633,61.894,16.898,62.42,17.172,62.956,17.461,63.495,17.765,64.037,18.076,64.588,18.395,65.147,18.726,65.707,19.066,66.27
2.5,0.00020353,1,0.0041962,2,0.020891,2.9994,0.059945,3.997,0.12506,4.9922,0.21465,5.977,0.3234,6.947,0.4417,7.8999,0.5621,8.8345,0.6781,9.7522,0.788,10.654,0.8884,11.543,0.9755,12.425,1.0513,13.302,1.1174,14.177,1.1769,15.051,1.234,15.924,1.2929,16.795,1.3577,17.664,1.4319,18.531,1.5185,19.397,1.619,20.259,1.734,21.116,1.8618,21.97,2.0055,22.812,2.1594,23.65,2.3226,24.48,2.4929,25.302,2.6641,26.119,2.8448,26.919,3.0276,27.71,3.2108,28.492,3.3924,29.264,3.5702,30.028,3.7426,30.785,3.9082,31.534,4.0652,32.277,4.2129,33.014,4.3495,33.745,4.4766,34.47,4.5937,35.188,4.7043,35.901,4.8096,36.61,4.9087,37.311,5.0061,38.009,5.1029,38.703,5.2013,39.395,5.3031,40.085,5.4102,40.774,5.5243,41.462,5.6471,42.151,5.7801,42.84,5.9245,43.529,6.0813,44.22,6.2508,44.912,6.4336,45.605,6.6302,46.301,6.8321,47.006,7.0355,47.716,7.2521,48.419,7.4747,49.119,7.7021,49.816,7.933,50.508,8.176,51.193,8.4108,51.88,8.6356,52.567,8.8695,53.241,9.1017,53.906,9.3314,54.565,9.5576,55.21,9.7896,55.846,10.019,56.475,10.243,57.095,10.464,57.707,10.678,58.311,10.886,58.908,11.087,59.496,11.282,60.077,11.469,60.651,11.648,61.218,11.819,61.779,11.984,62.335,12.14,62.887,12.291,63.435,12.435,63.979,12.574,64.521,12.709,65.062,12.842,65.602,12.972,66.142,13.122,66.682,13.229,67.219,13.359,67.76,13.491,68.304,13.625,68.849,13.767,69.399,13.914,69.951,14.076,70.508,14.227,71.07,14.395,71.635,14.571,72.204
3,9.9016e-05,1,0.0020934,2,0.01092,2.9998,0.03272,3.999,0.07154,4.9974,0.12882,5.9917,0.2275,6.979,0.3184,7.957,0.4154,8.923,0.5136,9.875,0.6117,10.813,0.706,11.738,0.7931,12.652,0.8725,13.558,0.9445,14.457,1.0101,15.351,1.0711,16.243,1.1298,17.132,1.1889,18.02,1.2501,18.906,1.3165,19.794,1.3893,20.682,1.4691,21.569,1.5562,22.456,1.6531,23.337,1.7578,24.216,1.8698,25.092,1.9882,25.962,2.1103,26.83,2.2412,27.687,2.3774,28.536,2.5178,29.377,2.6608,30.209,2.8054,31.034,2.9508,31.85,3.0959,32.659,3.2392,33.461,3.3794,34.255,3.5145,35.043,3.6453,35.825,3.77,36.601,3.8911,37.37,4.0091,38.134,4.1209,38.891,4.2306,39.643,4.3373,40.389,4.4433,41.131,4.5485,41.87,4.6541,42.605,4.7606,43.338,4.8691,44.069,4.9804,44.798,5.0953,45.526,5.2147,46.254,5.3389,46.981,5.4686,47.709,5.6045,48.436,5.7439,49.175,5.8854,49.921,6.0336,50.66,6.186,51.398,6.3423,52.136,6.502,52.872,6.6695,53.6,6.8354,54.335,6.9987,55.073,7.1689,55.803,7.3408,56.528,7.5138,57.25,7.6875,57.966,7.8673,58.672,8.0485,59.375,8.2304,60.072,8.4128,60.764,8.5951,61.452,8.7769,62.134,8.9578,62.811,9.1378,63.483,9.3158,64.149,9.4913,64.808,9.5644,65.461,9.8351,66.108,10.003,66.751,10.168,67.387,10.33,68.018,10.49,68.646,10.646,69.268,10.801,69.885,10.954,70.497,11.195,71.107,11.248,71.707,11.393,72.306,11.536,72.902,11.677,73.494,11.82,74.088,11.966,74.697,12.11,75.304,12.253,75.91,12.4,76.517,12.549,77.125
3.5,5.373e-05,1,0.0011537,2,0.0061907,2.9999,0.019085,3.9997,0.043127,4.9991,0.080452,5.9968,0.1317,6.9913,0.1951,7.9807,0.2687,8.9631,0.3491,9.9368,0.4354,10.9,0.5236,11.852,0.6107,12.794,0.6936,13.726,0.7717,14.65,0.8433,15.567,0.9082,16.479,0.9668,17.386,1.0201,18.29,1.0664,19.191,1.1145,20.093,1.1596,20.994,1.2042,21.896,1.2507,22.798,1.3007,23.698,1.3562,24.598,1.417,25.497,1.4835,26.394,1.5566,27.291,1.6376,28.181,1.7272,29.067,1.8247,29.947,1.9292,30.822,2.0407,31.691,2.1591,32.554,2.2836,33.41,2.4132,34.259,2.5459,35.103,2.6796,35.94,2.8139,36.771,2.9463,37.596,3.078,38.415,3.2087,39.226,3.3332,40.033,3.4552,40.833,3.5716,41.627,3.6852,42.415,3.7941,43.198,3.8979,43.977,3.9969,44.751,4.0911,45.522,4.1807,46.29,4.2662,47.054,4.3481,47.817,4.4271,48.577,4.5036,49.336,4.5788,50.094,4.6557,50.86,4.7353,51.634,4.8151,52.4,4.8974,53.166,4.9825,53.932,5.071,54.698,5.163,55.456,5.2601,56.222,5.3619,56.993,5.4684,57.756,5.5798,58.518,5.6962,59.278,5.8175,60.035,5.945,60.785,6.0784,61.532,6.2174,62.277,6.3621,63.018,6.5123,63.756,6.6678,64.491,6.8282,65.223,6.9934,65.953,7.1623,66.678,7.3344,67.399,7.5094,68.116,7.6867,68.829,7.8555,69.538,8.0452,70.242,8.2252,70.943,8.4049,71.639,8.5835,72.331,8.7605,73.018,8.9353,73.702,9.1074,74.381,9.2669,75.05,9.4265,75.717,9.5815,76.38,9.7281,77.035,9.8736,77.688,10.018,78.34,10.153,78.986,10.28,79.626,10.406,80.266,10.527,80.904
4,3.1604e-05,1,0.00068559,2,0.0037383,3,0.01181,3.9999,0.02732,4.9996,0.05223,5.9986,0.102,6.996,0.1524,7.991,0.2119,8.982,0.2782,9.967,0.3504,10.946,0.4265,11.916,0.5025,12.879,0.5774,13.832,0.65,14.778,0.7181,15.716,0.7816,16.648,0.8409,17.573,0.8961,18.494,0.9473,19.411,0.9958,20.326,1.0424,21.239,1.0879,22.152,1.1336,23.065,1.1806,23.976,1.2304,24.887,1.2831,25.799,1.3391,26.71,1.3989,27.622,1.4639,28.53,1.5348,29.436,1.6112,30.34,1.6926,31.241,1.7793,32.137,1.8714,33.03,1.9688,33.919,2.0706,34.803,2.1758,35.682,2.2827,36.557,2.3913,37.426,2.5001,38.291,2.61,39.15,2.7206,40.003,2.8281,40.851,2.9352,41.693,3.0394,42.529,3.143,43.359,3.2442,44.184,3.3429,45.003,3.4392,45.817,3.5329,46.626,3.6239,47.431,3.7244,48.233,3.7935,49.03,3.8823,49.824,3.9642,50.615,4.0446,51.403,4.1253,52.197,4.2071,52.996,4.2886,53.788,4.3712,54.579,4.4548,55.369,4.5399,56.159,4.6266,56.942,4.7158,57.731,4.8073,58.526,4.9013,59.314,4.9979,60.101,5.0972,60.887,5.1992,61.672,5.3048,62.451,5.4138,63.227,5.5263,64.002,5.6424,64.775,5.7621,65.546,5.8853,66.314,6.0117,67.081,6.1414,67.847,6.2738,68.61,6.4087,69.37,6.546,70.129,6.6853,70.885,6.8261,71.638,6.9683,72.389,7.1115,73.137,7.2557,73.882,7.4006,74.624,7.5453,75.363,7.6697,76.099,7.8336,76.832,7.9698,77.558,8.1074,78.282,8.2429,79.001,8.3731,79.714,8.5037,80.425,8.6345,81.132,8.7598,81.836,8.8799,82.534,9.0003,83.231,9.1184,83.926
5,1.2997e-05,1,0.00028543,2,0.0015869,3,0.0051521,4,0.01231,4.9999,0.02433,5.9997,0.0425,6.9991,0.0669,7.9977,0.0982,8.9951,0.1363,9.9906,0.1803,10.983,0.2324,11.972,0.286,12.957,0.345,13.937,0.4065,14.911,0.4678,15.88,0.5283,16.843,0.589,17.8,0.6482,18.752,0.7051,19.698,0.7585,20.641,0.808,21.58,0.8554,22.515,0.8994,23.449,0.9404,24.38,0.9789,25.31,1.0154,26.236,1.0502,27.166,1.0834,28.095,1.1165,29.021,1.15,29.947,1.1843,30.872,1.2195,31.796,1.2564,32.719,1.2961,33.641,1.3391,34.562,1.3853,35.482,1.4355,36.399,1.489,37.316,1.5461,38.23,1.6078,39.142,1.674,40.051,1.7445,40.958,1.818,41.861,1.8953,42.761,1.9751,43.658,2.0585,44.55,2.1445,45.437,2.233,46.321,2.3238,47.2,2.4165,48.075,2.5104,48.945,2.6408,49.811,2.6992,50.673,2.7926,51.53,2.8854,52.383,2.9761,53.233,3.0644,54.083,3.1506,54.934,3.2357,55.779,3.3188,56.621,3.3995,57.461,3.4777,58.298,3.5538,59.13,3.6272,59.964,3.698,60.8,3.767,61.631,3.834,62.46,3.8991,63.288,3.9626,64.115,4.0243,64.936,4.0846,65.755,4.1441,66.572,4.2031,67.388,4.2618,68.201,4.3203,69.013,4.3788,69.824,4.4374,70.633,4.4968,71.441,4.5574,72.248,4.5192,73.053,4.6825,73.858,4.7474,74.662,4.8144,75.465,4.8842,76.266,4.9574,77.067,5.0348,77.866,5.115,78.664,5.1984,79.461,5.2859,80.257,5.3757,81.053,5.4692,81.846,5.5656,82.637,5.663,83.426,5.7638,84.213,5.8682,84.998,5.9734,85.78,6.0794,86.559,6.1893,87.335,6.3014,88.109
6,6.2819e-06,1,0.0001389,2,0.00078063,3,0.0025717,4,0.00627,5,0.01265,5.9999,0.0225,6.9998,0.0365,7.9993,0.0547,8.9985,0.0779,9.9969,0.106,10.994,0.1395,11.99,0.1766,12.984,0.2189,13.975,0.2638,14.963,0.3098,15.948,0.3614,16.93,0.4125,17.907,0.4613,18.88,0.5145,19.849,0.5667,20.813,0.6152,21.774,0.6618,22.732,0.7086,23.686,0.7535,24.636,0.7953,25.585,0.8353,26.531,0.8724,27.475,0.907,28.418,0.9408,29.358,0.9733,30.297,1.0039,31.236,1.033,32.173,1.0613,33.109,1.0902,34.045,1.1182,34.98,1.1464,35.915,1.175,36.848,1.206,37.782,1.2386,38.715,1.2728,39.647,1.3093,40.578,1.3475,41.509,1.3882,42.438,1.4324,43.366,1.4788,44.293,1.5278,45.217,1.5803,46.139,1.6352,47.06,1.6924,47.977,1.7531,48.892,1.8172,49.804,1.8841,50.714,1.9537,51.62,2.0251,52.523,2.099,53.424,2.1731,54.32,2.2471,55.217,2.3221,56.113,2.3991,57.003,2.4764,57.892,2.5535,58.777,2.6301,59.66,2.7074,60.538,2.7837,61.415,2.8583,62.293,2.9323,63.166,3.0049,64.037,3.0762,64.905,3.1465,65.771,3.2161,66.633,3.2842,67.492,3.3505,68.348,3.415,69.201,3.4778,70.053,3.5388,70.902,3.5981,71.749,3.6552,72.593,3.711,73.436,3.7658,74.278,3.8192,75.117,3.8714,75.956,3.9226,76.793,3.9731,77.628,4.0233,78.463,4.0733,79.296,4.1235,80.128,4.1737,80.96,4.2238,81.79,4.2743,82.619,4.3259,83.451,4.3781,84.28,4.4312,85.108,4.4856,85.937,4.5411,86.763,4.5979,87.587,4.6564,88.411,4.7165,89.236,4.7785,90.057,4.8425,90.877
7,3.3953e-06,1,7.5398e-05,2,0.00042656,3,0.001418,4,0.0034963,5,0.0071471,6,0.0131,6.9999,0.0211,7.9998,0.0325,8.9995,0.0469,9.9989,0.0653,10.998,0.0871,11.996,0.113,12.993,0.1416,13.99,0.1741,14.984,0.2098,15.977,0.2468,16.968,0.2873,17.956,0.3296,18.941,0.3722,19.924,0.4156,20.903,0.4603,21.879,0.5051,22.853,0.5476,23.823,0.5903,24.79,0.6317,25.755,0.6731,26.717,0.7138,27.676,0.7498,28.634,0.7837,29.588,0.8182,30.541,0.8526,31.492,0.886,32.442,0.9161,33.39,0.9418,34.337,0.9662,35.283,0.9922,36.228,1.0188,37.172,1.045,38.116,1.0701,39.059,1.0953,40.002,1.1206,40.945,1.146,41.886,1.1715,42.828,1.1975,43.769,1.2248,44.71,1.2543,45.65,1.2859,46.589,1.3196,47.526,1.3552,48.463,1.3922,49.399,1.4309,50.333,1.4721,51.266,1.5161,52.197,1.5626,53.127,1.6106,54.055,1.6608,54.981,1.7128,55.906,1.7656,56.832,1.8203,57.753,1.8776,58.674,1.9374,59.592,1.9984,60.508,2.0603,61.42,2.123,62.332,2.1867,63.244,2.252,64.151,2.3168,65.057,2.3808,65.96,2.4457,66.861,2.5134,67.759,2.5806,68.653,2.6457,69.545,2.71,70.435,2.775,71.322,2.8399,72.206,2.903,73.088,2.9535,73.968,3.0236,74.845,3.0833,75.72,3.1425,76.592,3.2009,77.463,3.2579,78.332,3.3136,79.199,3.3681,80.064,3.4218,80.927,3.4742,81.789,3.5255,82.649,3.5753,83.508,3.6231,84.365,3.6696,85.224,3.7151,86.081,3.7603,86.936,3.8055,87.792,3.8505,88.646,3.8949,89.497,3.9391,90.348,3.9832,91.2,4.0269,92.05,4.0707,92.899
8,1.992e-06,1,4.4363e-05,2,0.00025209,3,0.00084309,4,0.0020943,5,0.0043194,6.0001,0.0101,7,0.0158,8,0.0247,9,0.0358,10,0.0499,10.999,0.067,11.998,0.087,12.997,0.1096,13.995,0.1354,14.993,0.1641,15.989,0.1936,16.985,0.2268,17.978,0.2614,18.97,0.2972,19.961,0.3338,20.949,0.3712,21.935,0.4099,22.919,0.4473,23.9,0.4847,24.879,0.5227,25.856,0.5593,26.83,0.5972,27.802,0.6308,28.772,0.6639,29.739,0.6969,30.705,0.7307,31.668,0.7629,32.629,0.793,33.589,0.8202,34.547,0.846,35.504,0.8733,36.459,0.9008,37.413,0.9271,38.366,0.9526,39.318,0.9779,40.27,1.0029,41.221,1.0279,42.171,1.0531,43.121,1.0784,44.07,1.1038,45.019,1.1303,45.968,1.158,46.915,1.187,47.863,1.217,48.81,1.2478,49.756,1.2799,50.702,1.3138,51.647,1.3495,52.591,1.3864,53.534,1.4241,54.477,1.4633,55.419,1.5038,56.361,1.545,57.303,1.5874,58.243,1.6318,59.181,1.6783,60.119,1.726,61.056,1.7747,61.99,1.8243,62.924,1.8746,63.858,1.9259,64.789,1.9772,65.719,2.028,66.647,2.0795,67.573,2.1334,68.497,2.1874,69.419,2.2404,70.339,2.2933,71.256,2.3471,72.172,2.4014,73.085,2.4551,73.997,2.5077,74.906,2.5607,75.813,2.6137,76.718,2.6664,77.62,2.7184,78.521,2.7595,79.419,2.8196,80.315,2.8688,81.21,2.9173,82.102,2.9655,82.992,3.0135,83.881,3.0615,84.767,3.1099,85.552,3.1555,86.537,3.2016,87.42,3.2478,88.302,3.2943,89.183,3.3404,90.062,3.3861,90.944,3.4314,91.825,3.4762,92.146,3.5203,93.586,3.5641,94.465
10,8.1675e-07,1,1.8256e-05,2,0.0001043,3,0.00035136,4,0.00088081,5,0.0018364,6,0.0041,7,0.0052,8,0.0091,9,0.0136,10,0.019,11,0.0268,12,0.0349,12.999,0.0456,13.999,0.0579,14.998,0.0726,15.997,0.0873,16.996,0.1057,17.994,0.1251,18.992,0.1472,19.989,0.1703,20.985,0.1931,21.98,0.2195,22.974,0.2466,23.967,0.2736,24.959,0.3048,25.949,0.3317,26.938,0.3641,27.926,0.3929,28.912,0.4242,29.896,0.4542,30.879,0.4858,31.86,0.5166,32.84,0.5468,33.818,0.5769,34.794,0.6057,35.769,0.6356,36.742,0.6647,37.713,0.6914,38.684,0.7175,39.653,0.7431,40.621,0.7675,41.587,0.7917,42.553,0.8164,43.518,0.8401,44.481,0.8618,45.444,0.8822,46.406,0.9021,47.368,0.9218,48.328,0.9407,49.288,0.9591,50.248,0.9779,51.207,0.9973,52.165,1.0163,53.123,1.0339,54.081,1.0512,55.038,1.0683,55.995,1.0858,56.951,1.1037,57.908,1.1217,58.865,1.1402,59.821,1.1601,60.777,1.1811,61.732,1.2034,62.687,1.2263,63.641,1.2503,64.596,1.2738,65.55,1.2979,66.504,1.3223,67.457,1.3472,68.409,1.3734,69.361,1.401,70.311,1.4298,71.261,1.4598,72.21,1.4912,73.158,1.5244,74.106,1.5594,75.052,1.5962,75.997,1.635,76.941,1.6746,77.884,1.7142,78.826,1.7534,79.767,1.7927,80.706,1.8317,81.644,1.8702,82.588,1.9084,83.515,1.948,84.449,1.9896,85.381,2.034,86.311,2.0806,87.241,2.1272,88.17,2.1746,89.097,2.2229,90.023,2.2716,90.948,2.3202,91.87,2.3684,92.791,2.4159,93.711,2.4621,94.631,2.5071,95.548,2.5509,96.464
15,1.615e-07,1,3.6259e-06,2,2.0835e-05,3,7.0738e-05,4,0.00017906,5,0.00037767,6,0.00076112,7,0.0012872,8,0.0020409,9,0.0030746,10,0.0044431,11,0.0062022,12,0.0084081,13,0.011116,14,0.01438,15,0.01825,16,0.022774,17,0.027995,18,0.033951,18.999,0.040674,19.999,0.048192,20.999,0.056526,21.998,0.063692,22.998,0.075698,23.997,0.086549,24.996,0.098241,25.995,0.11077,26.994,0.12411,27.992,0.13827,28.99,0.1532,29.988,0.16889,30.985,0.1853,31.982,0.20242,32.979,0.22019,33.975,0.23858,34.97,0.25757,35.965,0.2771,36.959,0.29713,37.953,0.31763,38.946,0.33856,39.938,0.35986,40.93,0.38152,41.92,0.40348,42.911,0.4257,43.9,0.44815,44.889,0.4708,45.877,0.4936,46.864,0.51653,47.85,0.53954,48.835,0.56262,49.82,0.58573,50.804,0.60884,51.787,0.63193,52.77,0.65497,53.751,0.67795,54.732,0.70083,55.713,0.7236,56.692,0.74625,57.671,0.76875,58.65,0.79109,59.627,0.81325,60.605,0.83523,61.581,0.85701,62.557,0.87858,63.533,0.89993,64.508,0.92106,65.483,0.94195,66.458,0.9626,67.432,0.983,68.405,1.0032,69.378,1.023,70.351,1.0427,71.323,1.0621,72.296,1.0812,73.267,1.1001,74.239,1.1186,75.21,1.137,76.181,1.155,77.152,1.1728,78.123,1.1903,79.093,1.2076,80.063,1.2246,81.033,1.2414,82.002,1.2579,82.972,1.2741,83.941,1.2901,84.91,1.3059,85.879,1.3214,86.847,1.3366,87.816,1.3516,88.784,1.3664,89.752,1.381,90.719,1.3953,91.687,1.4094,92.655,1.4233,93.622,1.437,94.589,1.4504,95.555,1.4637,96.522,1.4768,97.488,1.4896,98.453
20,5.1116e-08,1,1.1505e-06,2,6.6279e-06,3,2.2575e-05,4,5.7373e-05,5,0.00012157,6,0.00024632,7,0.00041908,8,0.00066893,9,0.0010151,10,0.0014786,11,0.0020816,12,0.0028477,13,0.0038011,14,0.0049671,15,0.006371,16,0.0080384,17,0.0099948,18,0.012265,19,0.014874,20,0.017845,21,0.021201,22,0.024962,23,0.02915,24,0.033781,25,0.038874,25.999,0.044441,26.999,0.050496,27.999,0.057051,28.999,0.064113,29.998,0.07169,30.998,0.079786,31.997,0.088404,32.996,0.097545,33.996,0.10721,34.995,0.11739,35.994,0.12809,36.992,0.13929,37.991,0.15099,38.989,0.16319,39.987,0.17586,40.985,0.18901,41.983,0.2026,42.98,0.21664,43.978,0.2311,44.975,0.24597,45.971,0.26123,46.967,0.27687,47.963,0.29287,48.959,0.30921,49.954,0.32587,50.949,0.34283,51.943,0.36008,52.937,0.37759,53.931,0.39535,54.924,0.41335,55.917,0.43155,56.909,0.44995,57.901,0.46852,58.892,0.48726,59.884,0.50614,60.874,0.52514,61.864,0.54426,62.854,0.56345,63.843,0.58275,64.832,0.60211,65.82,0.62152,66.808,0.64096,67.795,0.66043,68.783,0.67992,69.769,0.69941,70.755,0.71889,71.741,0.73834,72.726,0.75777,73.711,0.77716,74.696,0.7965,75.68,0.81579,76.663,0.83501,77.647,0.85415,78.63,0.87322,79.612,0.89221,80.594,0.9111,81.576,0.92989,82.558,0.94859,83.539,0.96717,84.52,0.98565,85.501,1.004,86.481,1.0223,87.461,1.0404,88.441,1.0584,89.421,1.0763,90.4,1.094,91.379,1.1116,92.358,1.1291,93.337,1.1465,94.316,1.1637,95.294,1.1808,96.272,1.1977,97.25,1.2146,98.228,1.2313,99.206
50,1.3091e-09,1,2.9749e-08,2,1.7245e-07,3,5.9153e-07,4,1.5152e-06,5,3.2336e-06,6,6.6244e-06,7,1.1387e-05,8,1.8379e-05,9,2.8225e-05,10,4.1635e-05,11,5.9409e-05,12,8.2435e-05,13,0.00011169,14,0.00014826,15,0.00019331,16,0.00024812,17,0.00031404,18,0.00039257,19,0.00048526,20,0.00059379,21,0.00071996,22,0.00086565,23,0.0010329,24,0.0012237,25,0.0014403,26,0.0016851,27,0.0019605,28,0.0022689,29,0.0026131,30,0.0029958,31,0.0034198,32,0.003888,33,0.0044035,34,0.0049695,35,0.0055892,36,0.0062659,37,0.0070031,38,0.0078042,39,0.008673,40,0.0096131,41,0.010628,42,0.011722,43,0.012899,44,0.014163,45,0.015518,46,0.016968,47,0.018518,48,0.020171,49,0.021932,50,0.023805,51,0.025795,51.999,0.027907,52.999,0.030144,53.999,0.032511,55,0.036014,56,0.037656,57,0.040442,58,0.043377,59,0.046466,59.999,0.049713,60.999,0.053123,61.999,0.056701,62.999,0.060451,63.999,0.064379,64.999,0.068488,65.999,0.072785,66.999,0.077273,67.999,0.081957,68.999,0.086843,69.999,0.091934,70.998,0.097236,71.998,0.10275,72.998,0.10849,73.998,0.11445,74.998,0.12064,75.998,0.12707,76.997,0.13374,77.997,0.14064,78.997,0.1478,79.997,0.15521,80.996,0.16288,81.996,0.17081,82.996,0.17901,83.995,0.18749,84.995,0.19623,85.995,0.20527,86.994,0.21458,87.994,0.22419,88.993,0.2341,89.993,0.24431,90.999,0.25483,91.992,0.26566,92.991,0.27681,93.99,0.28828,94.99,0.30009,95.989,0.31223,96.988,0.32471,97.988,0.33754,98.987,0.35073,99.986
80,1.9976e-10,1,4.578e-09,2,2.6652e-08,3,9.1828e-08,4,2.3627e-07,5,5.0734e-07,6,1.0425e-06,7,1.8006e-06,8,2.9203e-06,9,4.5067e-06,10,6.6813e-06,11,9.5822e-06,12,1.3365e-05,13,1.8205e-05,14,2.4296e-05,15,3.1852e-05,16,4.1111e-05,17,5.233e-05,18,6.5794e-05,19,8.1809e-05,20,0.00010071,21,0.00012285,22,0.00014863,23,0.00017847,24,0.0002128,25,0.00025212,26,0.00029693,27,0.00034779,28,0.00040527,29,0.00047001,30,0.00054266,31,0.00062392,32,0.00071454,33,0.0008153,34,0.00092702,35,0.0010506,36,0.0011869,37,0.001337,38,0.0015019,39,0.0016826,40,0.0018802,41,0.0020961,42,0.0023313,43,0.0025872,44,0.0028652,45,0.0031668,46,0.0034933,47,0.0038464,48,0.0042277,49,0.0046388,50,0.0050817,51,0.0055581,52,0.0060699,53,0.0066192,54,0.0072081,55,0.0079387,56,0.0085133,57,0.0092343,58,0.010004,59,0.010825,60,0.0117,61,0.012632,62,0.013624,63,0.014678,64,0.015798,65,0.016986,66,0.018247,67,0.019583,68,0.020998,69,0.022496,70,0.024081,71,0.025756,72,0.027526,73,0.029394,74,0.031367,75,0.033446,76,0.035639,77,0.037949,78,0.040382,79,0.042943,80,0.045637,81,0.04847,82,0.051448,83,0.054578,84,0.057865,85,0.061316,86,0.064938,87,0.068739,88,0.072725,89,0.076906,90,0.081287,91,0.085879,92,0.09069,93,0.09573,94,0.10101,95,0.10653,96,0.11232,96.999,0.11837,97.999,0.12471,98.999,0.13134,99.999
100,8.1822e-11,1,1.8855e-09,2,1.1007e-08,3,3.8027e-08,4,9.8106e-08,5,2.1123e-07,6,4.3523e-07,7,7.5371e-07,8,1.2256e-06,9,1.8966e-06,10,2.8192e-06,11,4.0541e-06,12,5.6698e-06,13,7.7437e-06,14,1.0362e-05,15,1.3622e-05,16,1.7629e-05,17,2.2502e-05,18,2.8359e-05,19,3.5372e-05,20,4.3665e-05,21,5.3415e-05,22,6.4806e-05,23,7.8034e-05,24,9.3312e-05,25,0.00011087,26,0.00013096,27,0.00015384,28,0.00017979,29,0.00020913,30,0.00024219,31,0.0002793,32,0.00032084,33,0.00036722,34,0.00041884,35,0.00047617,36,0.00053967,37,0.00060987,38,0.00068728,39,0.00077249,40,0.0008661,41,0.00096875,42,0.0010811,43,0.0012039,44,0.0013378,45,0.0014838,46,0.0016425,47,0.001815,48,0.002002,49,0.0022047,50,0.002424,51,0.0026611,52,0.002917,53,0.003193,54,0.0034903,55,0.0033103,56,0.0041643,57,0.0045238,58,0.0049204,59,0.0053457,60,0.0058012,61,0.0062889,62,0.0068105,63,0.007368,64,0.0079635,65,0.008599,66,0.0092769,67,0.0099994,68,0.010769,69,0.011588,70,0.01246,71,0.013387,72,0.014372,73,0.015418,74,0.016529,75,0.017707,76,0.018957,77,0.020282,78,0.021686,79,0.023174,80,0.024749,81,0.026415,82,0.028179,83,0.030044,84,0.032016,85,0.0341,86,0.036302,87,0.038629,88,0.041085,89,0.043679,90,0.046418,91,0.049307,92,0.052357,93,0.055573,94,0.058967,95,0.062546,96,0.06632,97,0.0703,98,0.074497,99,0.078923,100
1000,8.1823e-15,1,2.3461e-13,2,1.4995e-12,3,5.6197e-12,4,1.5611e-11,5,3.5964e-11,6,7.8875e-11,7,1.4474e-10,8,2.4844e-10,9,4.0445e-10,10,6.3068e-10,11,9.4897e-10,12,1.3856e-09,13,1.9718e-09,14,2.7444e-09,15,3.7466e-09,16,5.0284e-09,17,6.6477e-09,18,8.671e-09,19,1.1174e-08,20,1.4245e-08,21,1.798e-08,22,2.2492e-08,23,2.7906e-08,24,3.4365e-08,25,4.2027e-08,26,5.1071e-08,27,6.1696e-08,28,7.4126e-08,29,8.861e-08,30,1.0543e-07,31,1.2488e-07,32,1.4732e-07,33,1.7312e-07,34,2.0271e-07,35,2.3655e-07,36,2.7517e-07,37,3.1914e-07,38,3.6908e-07,39,4.2572e-07,40,4.8981e-07,41,5.6221e-07,42,6.4388e-07,43,7.3585e-07,44,8.3927e-07,45,9.554e-07,46,1.0857e-06,47,1.2316e-06,48,1.3948e-06,49,1.5773e-06,50,1.7811e-06,51,2.0084e-06,52,2.2617e-06,53,2.5438e-06,54,2.8577e-06,55,3.2068e-06,56,3.5947e-06,57,4.0254e-06,58,4.5034e-06,59,5.0337e-06,60,5.6215e-06,61,6.2729e-06,62,6.9944e-06,63,7.7932e-06,64,8.6772e-06,65,9.6554e-06,66,1.0737e-05,67,1.1934e-05,68,1.3256e-05,69,1.4718e-05,70,1.6333e-05,71,1.8118e-05,72,2.009e-05,73,2.2268e-05,74,2.4675e-05,75,2.7333e-05,76,3.0269e-05,77,3.3512e-05,78,3.7094e-05,79,4.1052e-05,80,4.5425e-05,81,5.0257e-05,82,5.5597e-05,83,6.1501e-05,84,6.8029e-05,85,7.5248e-05,86,8.3234e-05,87,9.2072e-05,88,0.00010186,89,0.00011269,90,0.00012469,91,0.000138,92,0.00015275,93,0.00016912,94,0.0001873,95,0.00020748,96,0.00022992,97,0.00025488,98,0.00028266,99,0.00031361,100
1e+06,8.1823e-27,1,5.1312e-23,2,4.4404e-22,3,2.0249e-21,4,6.4746e-21,5,1.6609e-20,6,3.9694e-20,7,7.8204e-20,8,1.426e-19,9,2.4468e-19,10,3.9979e-19,11,6.2746e-19,12,9.523e-19,13,1.4048e-18,14,2.0226e-18,15,2.8515e-18,16,3.9472e-18,17,5.3767e-18,18,7.2206e-18,19,9.5751e-18,20,1.2555e-17,21,1.6297e-17,22,2.0962e-17,23,2.6742e-17,24,3.3862e-17,25,4.2589e-17,26,5.3236e-17,27,6.6171e-17,28,8.1828e-17,29,1.0072e-16,30,1.2343e-16,31,1.5066e-16,32,1.8324e-16,33,2.2213e-16,34,2.6843e-16,35,3.2348e-16,36,3.8881e-16,37,4.6621e-16,38,5.5781e-16,39,6.6606e-16,40,7.9386e-16,41,9.4459e-16,42,1.1222e-15,43,1.3314e-15,44,1.5775e-15,45,1.867e-15,46,2.2074e-15,47,2.6074e-15,48,3.0773e-15,49,3.6293e-15,50,4.2776e-15,51,5.0389e-15,52,5.933e-15,53,6.9831e-15,54,8.2165e-15,55,9.5656e-15,56,1.1368e-14,57,1.337e-14,58,1.5723e-14,59,1.8492e-14,60,2.1751e-14,61,2.5587e-14,62,3.0108e-14,63,3.5437e-14,64,4.1728e-14,65,4.9144e-14,66,5.791e-14,67,6.8275e-14,68,8.054e-14,69,9.5067e-14,70,1.1229e-13,71,1.3272e-13,72,1.57e-13,73,1.8587e-13,74,2.2023e-13,75,2.612e-13,76,3.1009e-13,77,3.6351e-13,78,4.3841e-13,79,5.2217e-13,80,6.2268e-13,81,7.4347e-13,82,8.8385e-13,83,1.0641e-12,84,1.2758e-12,85,1.5318e-12,86,1.8421e-12,87,2.2189e-12,88,2.6773e-12,89,3.2351e-12,90,3.9187e-12,91,4.7543e-12,92,5.7797e-12,93,7.0407e-12,94,8.5956e-12,95,1.0517e-11,96,1.2899e-11,97,1.5859e-11,98,1.9548e-11,99,2.4159e-11,100
1e+09,8.1823e-39,1,5.1205e-32,2,4.4444e-31,3,2.0332e-30,4,6.5251e-30,5,1.681e-29,6,4.0375e-29,7,7.9997e-29,8,1.468e-28,9,2.5368e-28,10,4.1774e-28,11,6.6127e-28,12,1.013e-27,13,1.5094e-27,14,2.1966e-27,15,3.1327e-27,16,4.3899e-27,17,6.058e-27,18,8.2482e-27,19,1.1098e-26,20,1.4775e-26,21,1.9489e-26,22,2.5492e-26,23,3.3097e-26,24,4.2685e-26,25,5.4722e-26,26,6.9775e-26,27,8.854e-26,28,1.1186e-25,29,1.4078e-25,30,1.7654e-25,31,2.2069e-25,32,2.7511e-25,33,3.4207e-25,34,4.2437e-25,35,5.2541e-25,36,6.4936e-25,37,8.013e-25,38,9.8745e-25,39,1.2154e-24,40,1.4945e-24,41,1.8362e-24,42,2.2544e-24,43,2.7664e-24,44,3.3933e-24,45,4.1612e-24,46,5.1019e-24,47,6.2552e-24,48,7.6697e-24,49,9.4057e-24,50,1.1538e-23,51,1.4159e-23,52,1.7383e-23,53,2.1353e-23,54,2.6247e-23,55,3e-23,56,3.9747e-23,57,4.8975e-23,58,6.0404e-23,59,7.4577e-23,60,9.2179e-23,61,1.1407e-22,62,1.4134e-22,63,1.7536e-22,64,2.1788e-22,65,2.711e-22,66,3.3785e-22,67,4.2171e-22,68,5.2727e-22,69,6.6041e-22,70,8.2867e-22,71,1.0418e-21,72,1.3123e-21,73,1.6564e-21,74,2.0951e-21,75,2.6558e-21,76,3.3741e-21,77,4.2969e-21,78,5.4851e-21,79,7.0194e-21,80,9.006e-21,81,1.1586e-20,82,1.4945e-20,83,1.9333e-20,84,2.5084e-20,85,3.2642e-20,86,4.2611e-20,87,5.5805e-20,88,7.3326e-20,89,9.6681e-20,90,1.2793e-19,91,1.699e-19,92,2.2649e-19,93,3.0314e-19,94,4.0737e-19,95,5.4975e-19,96,7.4515e-19,97,1.0146e-18,98,1.388e-18,99,1.9081e-18,100
