E,f1,f2,PE,C+i,Total,K,lambda
2.0004844,44.2939,8.9779,968.07,11.165,979.24,0.0,0.6198
2.0104868,43.7457,8.9283,957.94,11.161,969.1,0.0,0.6167
2.0205393,43.1428,8.8791,947.92,11.157,959.07,0.0,0.6136
2.030642,42.4742,8.8303,938.01,11.153,949.17,0.0,0.6106
2.0407952,41.7247,8.7819,928.23,11.149,939.38,0.0,0.6075
2.0509992,40.8734,8.7338,918.55,11.145,929.7,0.0,0.6045
2.0612542,39.8895,8.6861,908.99,11.141,920.13,0.0,0.6015
2.0715604,38.7253,8.6388,899.54,11.136,910.68,0.0,0.5985
2.0819182,37.2998,8.5908,890.09,11.131,901.22,0.0,0.5955
2.0923278,35.4583,8.5423,880.66,11.126,891.79,0.0,0.5926
2.1027895,32.8376,8.4942,871.35,11.121,882.47,0.0,0.5896
2.1133034,28.1254,8.4464,862.14,11.116,873.25,0.0,0.5867
2.1210653,12.8681,8.4116,855.44,11.112,866.55,0.0,0.5845
2.1221346,12.5624,25.721,2614.5,11.111,2625.6,0.0,0.5842
2.1238699,20.5054,25.691,2609.3,11.11,2620.4,0.0,0.5838
2.1344893,29.7864,25.509,2577.9,11.104,2589.0,0.0,0.5809
2.1451617,32.6834,25.328,2546.9,11.099,2558.0,0.0,0.578
2.1558875,34.1696,25.148,2516.2,11.093,2527.3,0.0,0.5751
2.166667,34.877,24.97,2486.0,11.086,2497.1,0.0,0.5722
2.1775003,34.8926,24.793,2456.1,11.08,2467.2,0.0,0.5694
2.1883878,33.888,24.618,2426.6,11.073,2437.7,0.0,0.5666
2.1993297,28.8564,24.444,2397.4,11.067,2408.5,0.0,0.5637
2.2011954,24.303,24.415,2392.5,11.066,2403.6,0.0,0.5633
2.2026046,24.2383,35.85,3510.9,11.065,3522.0,0.0,0.5629
2.2103264,33.9315,35.668,3480.9,11.06,3491.9,0.0,0.5609
2.221378,37.7893,35.41,3438.5,11.053,3449.5,0.0,0.5581
2.2324849,40.1466,35.154,3396.7,11.046,3407.7,0.0,0.5554
2.2436473,41.9226,34.9,3355.3,11.038,3366.4,0.0,0.5526
2.2548656,43.3738,34.648,3314.5,11.031,3325.6,0.0,0.5499
2.2661399,44.6117,34.398,3274.2,11.023,3285.3,0.0,0.5471
2.2774706,45.6958,34.149,3234.4,11.015,3245.4,0.0,0.5444
2.2888579,46.6622,33.903,3195.1,11.007,3206.1,0.0,0.5417
2.3003022,47.5347,33.659,3156.3,10.999,3167.3,0.0,0.539
2.3118037,48.3299,33.416,3118.0,10.991,3129.0,0.0,0.5363
2.3233628,49.0598,33.176,3080.1,10.982,3091.1,0.0,0.5336
2.3349796,49.7337,32.937,3042.7,10.974,3053.7,0.0,0.531
2.3466545,50.3585,32.7,3005.8,10.965,3016.8,0.0,0.5283
2.3583878,50.9399,32.465,2969.4,10.956,2980.3,0.0,0.5257
2.3701797,51.4823,32.231,2933.3,10.947,2944.3,0.0,0.5231
2.3820306,51.9894,32.0,2897.8,10.938,2908.7,0.0,0.5205
2.3939407,52.4641,31.77,2862.7,10.928,2873.6,0.0,0.5179
2.4059104,52.9089,31.542,2828.0,10.919,2838.9,0.0,0.5153
2.41794,53.3257,31.316,2793.7,10.909,2804.6,0.0,0.5128
2.4300297,53.716,31.091,2759.9,10.899,2770.8,0.0,0.5102
2.4421798,54.0812,30.868,2726.4,10.889,2737.3,0.0,0.5077
2.4543907,54.4221,30.646,2693.3,10.879,2704.2,0.0,0.5052
2.4666627,54.7392,30.425,2660.7,10.868,2671.5,0.0,0.5026
2.478996,55.0328,30.206,2628.4,10.858,2639.2,0.0,0.5001
2.491391,55.3029,29.989,2596.5,10.847,2607.4,0.0,0.4977
2.5038479,55.5489,29.774,2565.0,10.836,2575.9,0.0,0.4952
2.5163672,55.7698,29.56,2533.9,10.825,2544.8,0.0,0.4927
2.528949,55.9639,29.348,2503.2,10.814,2514.1,0.0,0.4903
2.5415938,56.1284,29.137,2472.9,10.803,2483.7,0.0,0.4878
2.5543017,56.2593,28.928,2443.0,10.791,2453.8,0.0,0.4854
2.5670732,56.3501,28.721,2413.4,10.78,2424.2,0.0,0.483
2.5799086,56.3905,28.515,2384.2,10.768,2395.0,0.0,0.4806
2.5928082,56.3628,28.311,2355.3,10.756,2366.1,0.0,0.4782
2.6057722,56.2333,28.108,2326.8,10.744,2337.6,0.0,0.4758
2.6188011,55.9261,27.907,2298.7,10.732,2309.4,0.0,0.4734
2.6318951,55.2002,27.708,2270.9,10.719,2281.6,0.0,0.4711
2.6429266,52.9149,27.541,2247.9,10.709,2258.6,0.0,0.4691
2.6450545,50.0359,27.51,2243.5,10.707,2254.2,0.0,0.4687
2.6478735,52.9484,32.133,2617.7,10.704,2628.4,0.0,0.4682
2.6582798,55.6183,31.952,2592.8,10.694,2603.5,0.0,0.4664
2.6715712,56.9294,31.724,2561.4,10.681,2572.1,0.0,0.4641
2.6849291,57.7856,31.497,2530.5,10.669,2541.2,0.0,0.4618
2.6983537,58.452,31.272,2499.9,10.656,2510.6,0.0,0.4595
2.7118455,59.0107,31.049,2469.7,10.642,2480.4,0.0,0.4572
2.7254047,59.4983,30.827,2439.9,10.629,2450.5,0.0,0.4549
2.7390317,59.9343,30.607,2410.4,10.615,2421.0,0.0,0.4527
2.7527269,60.3302,30.389,2381.3,10.602,2391.9,0.0,0.4504
2.7664905,60.6921,30.167,2352.2,10.588,2362.8,0.0,0.4482
2.780323,61.0216,29.949,2323.5,10.574,2334.1,0.0,0.4459
2.7942246,61.329,29.741,2296.0,10.56,2306.5,0.0,0.4437
2.8081957,61.6185,29.537,2268.8,10.546,2279.4,0.0,0.4415
2.8222367,61.8915,29.334,2242.1,10.532,2252.6,0.0,0.4393
2.8363479,62.1491,29.134,2215.7,10.517,2226.2,0.0,0.4371
2.8505296,62.3923,28.936,2189.7,10.503,2200.2,0.0,0.435
2.8647823,62.6218,28.74,2164.0,10.488,2174.5,0.0,0.4328
2.8791062,62.8365,28.541,2138.3,10.473,2148.8,0.0,0.4306
2.8935017,63.0361,28.344,2113.0,10.458,2123.5,0.0,0.4285
2.9079692,63.2201,28.148,2088.0,10.443,2098.4,0.0,0.4264
2.9225091,63.3874,27.954,2063.3,10.428,2073.7,0.0,0.4242
2.9371216,63.5359,27.761,2038.9,10.412,2049.3,0.0,0.4221
2.9518072,63.662,27.571,2014.8,10.397,2025.2,0.0,0.42
2.9665662,63.7592,27.381,1991.0,10.381,2001.4,0.0,0.4179
2.9813991,63.815,27.193,1967.5,10.365,1977.8,0.0,0.4159
2.9963061,63.8003,27.007,1944.3,10.349,1954.6,0.0,0.4138
3.0112876,63.6373,26.803,1920.0,10.333,1930.3,0.0,0.4117
3.0221418,63.0881,26.653,1902.3,10.322,1912.7,0.0,0.4103
3.026344,61.266,26.595,1895.6,10.317,1905.9,0.0,0.4097
3.0308581,63.1851,28.305,2014.5,10.312,2024.8,0.0,0.4091
3.0414758,64.0249,28.149,1996.4,10.301,2006.7,0.0,0.4076
3.0566831,64.6111,27.929,1970.9,10.284,1981.2,0.0,0.4056
3.0719666,65.0211,27.711,1945.8,10.268,1956.1,0.0,0.4036
3.0873264,65.354,27.494,1921.0,10.251,1931.2,0.0,0.4016
3.102763,65.6406,27.279,1896.4,10.234,1906.7,0.0,0.3996
3.1182768,65.8946,27.065,1872.2,10.218,1882.4,0.0,0.3976
3.1338682,66.1231,26.853,1848.3,10.201,1858.5,0.0,0.3956
3.1495376,66.33,26.642,1824.7,10.183,1834.9,0.0,0.3937
3.1652853,66.517,26.433,1801.4,10.166,1811.5,0.0,0.3917
3.1811117,66.6847,26.228,1778.5,10.149,1788.7,0.0,0.3898
3.1970172,66.8356,26.029,1756.2,10.131,1766.3,0.0,0.3878
3.2130023,66.9692,25.831,1734.2,10.114,1744.3,0.0,0.3859
3.2290673,67.0817,25.636,1712.5,10.096,1722.6,0.0,0.384
3.2452127,67.1661,25.442,1691.1,10.078,1701.2,0.0,0.3821
3.2614387,67.206,25.25,1670.0,10.06,1680.1,0.0,0.3802
3.2777459,67.1514,25.06,1649.2,10.042,1659.2,0.0,0.3783
3.2891773,66.9216,24.928,1634.8,10.029,1644.8,0.0,0.3769
3.2941347,66.5163,24.871,1628.6,10.024,1638.7,0.0,0.3764
3.3028227,67.0492,25.873,1689.8,10.014,1699.8,0.0,0.3754
3.3106053,67.3904,25.784,1680.0,10.006,1690.0,0.0,0.3745
3.3271584,67.8095,25.597,1659.5,9.9872,1669.5,0.0,0.3726
3.3437941,68.108,25.411,1639.3,9.9687,1649.2,0.0,0.3708
3.3605131,68.3571,25.227,1619.3,9.95,1629.3,0.0,0.3689
3.3773157,68.578,25.045,1599.6,9.9313,1609.6,0.0,0.3671
3.3942023,68.7799,24.865,1580.2,9.9125,1590.1,0.0,0.3653
3.4111733,68.9679,24.686,1561.0,9.8935,1570.9,0.0,0.3635
3.4282291,69.1449,24.509,1542.1,9.8745,1552.0,0.0,0.3617
3.4453703,69.313,24.332,1523.4,9.8553,1533.2,0.0,0.3599
3.4625971,69.4729,24.155,1504.8,9.8361,1514.6,0.0,0.3581
3.4799101,69.6255,23.981,1486.5,9.8167,1496.3,0.0,0.3563
3.4973097,69.7719,23.807,1468.4,9.7973,1478.2,0.0,0.3545
3.5147962,69.9126,23.636,1450.6,9.7777,1460.3,0.0,0.3527
3.5323702,70.0482,23.466,1433.0,9.758,1442.7,0.0,0.351
3.5500321,70.1792,23.297,1415.6,9.7383,1425.3,0.0,0.3492
3.5677822,70.3058,23.13,1398.5,9.7184,1408.2,0.0,0.3475
3.5856211,70.4284,22.965,1381.5,9.6984,1391.2,0.0,0.3458
3.6035492,70.5473,22.801,1364.9,9.6784,1374.5,0.0,0.3441
3.621567,70.6627,22.638,1348.4,9.6582,1358.0,0.0,0.3423
3.6396748,70.7749,22.477,1332.1,9.638,1341.8,0.0,0.3406
3.6578732,70.8839,22.318,1316.1,9.6176,1325.7,0.0,0.339
3.6761626,70.99,22.159,1300.3,9.5972,1309.8,0.0,0.3373
3.6945434,71.0934,22.002,1284.6,9.5767,1294.2,0.0,0.3356
3.7130161,71.1941,21.847,1269.2,9.5561,1278.8,0.0,0.3339
3.7315812,71.2923,21.693,1254.0,9.5354,1263.5,0.0,0.3323
3.7502391,71.3882,21.54,1238.9,9.5146,1248.4,0.0,0.3306
3.7689903,71.4818,21.388,1224.1,9.4937,1233.6,0.0,0.329
3.7878352,71.5732,21.238,1209.4,9.4727,1218.9,0.0,0.3273
3.8067744,71.6626,21.089,1195.0,9.4517,1204.4,0.0,0.3257
3.8258083,71.7501,20.941,1180.7,9.4305,1190.1,0.0,0.3241
3.8449373,71.8357,20.795,1166.6,9.4093,1176.0,0.0,0.3225
3.864162,71.9197,20.649,1152.7,9.388,1162.1,0.0,0.3209
3.8834828,72.002,20.505,1139.0,9.3666,1148.3,0.0,0.3193
3.9029002,72.0829,20.362,1125.4,9.3451,1134.7,0.0,0.3177
3.9224147,72.1624,20.221,1112.0,9.3235,1121.3,0.0,0.3161
3.9420268,72.2406,20.079,1098.7,9.3019,1108.0,0.0,0.3145
3.9617369,72.3169,19.936,1085.5,9.2802,1094.8,0.0,0.313
3.9815456,72.3912,19.795,1072.4,9.2584,1081.7,0.0,0.3114
4.0014533,72.4637,19.655,1059.5,9.2365,1068.8,0.0,0.3098
4.0214606,72.5346,19.516,1046.8,9.2145,1056.0,0.0,0.3083
4.0415679,72.6038,19.378,1034.2,9.1925,1043.4,0.0,0.3068
4.0617757,72.6716,19.241,1021.8,9.1704,1031.0,0.0,0.3052
4.0820846,72.7379,19.105,1009.6,9.1482,1018.7,0.0,0.3037
4.102495,72.8028,18.97,997.45,9.126,1006.6,0.0,0.3022
4.1230075,72.8664,18.836,985.49,9.1036,994.59,0.0,0.3007
4.1436226,72.9288,18.704,973.67,9.0812,982.75,0.0,0.2992
4.1643407,72.9901,18.572,962.01,9.0588,971.07,0.0,0.2977
4.1851624,73.0502,18.441,950.49,9.0362,959.52,0.0,0.2962
4.2060882,73.1093,18.312,939.11,9.0136,948.12,0.0,0.2948
4.2271186,73.1674,18.183,927.87,8.9909,936.86,0.0,0.2933
4.2482542,73.4221,18.053,916.67,8.9682,925.64,0.0,0.2918
4.2694955,73.4787,17.919,905.3,8.9454,914.24,0.0,0.2904
4.290843,73.5336,17.785,894.06,8.9225,902.99,0.0,0.289
4.3122972,73.5866,17.651,882.95,8.8996,891.85,0.0,0.2875
4.3338587,73.6378,17.519,871.98,8.8766,880.85,0.0,0.2861
4.355528,73.6875,17.388,861.15,8.8535,870.0,0.0,0.2847
4.3773056,73.7357,17.258,850.46,8.8304,859.29,0.0,0.2832
4.3991921,73.7825,17.129,839.91,8.8072,848.72,0.0,0.2818
4.4211881,73.9631,16.997,829.3,8.784,838.08,0.0,0.2804
4.443294,74.0071,16.866,818.78,8.7607,827.54,0.0,0.279
4.4655105,74.0492,16.735,808.39,8.7373,817.13,0.0,0.2776
4.4878381,74.0897,16.606,798.15,8.7139,806.86,0.0,0.2763
4.5102772,74.1286,16.477,788.04,8.6904,796.73,0.0,0.2749
4.5328286,74.166,16.35,778.07,8.6669,786.74,0.0,0.2735
4.5554928,74.2019,16.224,768.23,8.6433,776.88,0.0,0.2722
4.5782702,74.2364,16.099,758.52,8.6197,767.14,0.0,0.2708
4.6011616,74.2697,15.975,748.95,8.596,757.54,0.0,0.2695
4.6241674,74.3016,15.853,739.5,8.5722,748.07,0.0,0.2681
4.6472882,74.3324,15.731,730.17,8.5485,738.72,0.0,0.2668
4.6705247,74.362,15.61,720.97,8.5246,729.49,0.0,0.2655
4.6938773,74.3904,15.491,711.89,8.5007,720.39,0.0,0.2641
4.7173467,74.4178,15.373,702.93,8.4768,711.41,0.0,0.2628
4.7409334,74.4441,15.255,694.1,8.4528,702.55,0.0,0.2615
4.7646381,74.4694,15.139,685.38,8.4288,693.8,0.0,0.2602
4.7884613,74.4938,15.023,676.77,8.4047,685.17,0.0,0.2589
4.8124036,74.5172,14.909,668.28,8.3806,676.66,0.0,0.2576
4.8364656,74.5397,14.796,659.9,8.3564,668.26,0.0,0.2564
4.8606479,74.5613,14.684,651.63,8.3322,659.97,0.0,0.2551
4.8849512,74.5821,14.572,643.48,8.3079,651.78,0.0,0.2538
4.9093759,74.602,14.462,635.43,8.2837,643.71,0.0,0.2525
4.9339228,74.6212,14.353,627.49,8.2593,635.74,0.0,0.2513
4.9585924,74.6396,14.244,619.65,8.2349,627.88,0.0,0.25
4.9833854,74.6572,14.137,611.92,8.2105,620.13,0.0,0.2488
5.0083023,74.6741,14.03,604.28,8.1861,612.47,0.0,0.2476
5.0333438,74.6904,13.925,596.75,8.1616,604.92,0.0,0.2463
5.0585105,74.7059,13.82,589.32,8.1371,597.46,0.0,0.2451
5.0838031,74.7208,13.716,581.99,8.1125,590.1,0.0,0.2439
5.1092221,74.7351,13.614,574.76,8.088,582.84,0.0,0.2427
5.1347682,74.7488,13.512,567.62,8.0633,575.68,0.0,0.2415
5.1604421,74.7619,13.411,560.57,8.0387,568.61,0.0,0.2403
5.1862443,74.7745,13.311,553.62,8.014,561.63,0.0,0.2391
5.2121755,74.7865,13.211,546.76,7.9893,554.75,0.0,0.2379
5.2382364,74.7981,13.113,539.99,7.9645,547.96,0.0,0.2367
5.2644276,74.8091,13.016,533.31,7.9398,541.25,0.0,0.2355
5.2907497,74.8198,12.919,526.72,7.915,534.63,0.0,0.2343
5.3172034,74.9308,12.819,520.05,7.8901,527.94,0.0,0.2332
5.3437895,74.9408,12.72,513.47,7.8653,521.34,0.0,0.232
5.3705084,74.9499,12.622,506.98,7.8404,514.82,0.0,0.2309
5.3973609,74.9583,12.525,500.58,7.8155,508.4,0.0,0.2297
5.4243477,74.9659,12.429,494.26,7.7905,502.05,0.0,0.2286
5.4514695,74.9728,12.334,488.03,7.7656,495.79,0.0,0.2274
5.4787268,74.979,12.239,481.88,7.7406,489.62,0.0,0.2263
5.5061205,74.9845,12.145,475.81,7.7156,483.53,0.0,0.2252
5.5336511,74.9894,12.053,469.82,7.6906,477.51,0.0,0.2241
5.5613193,74.9937,11.96,463.91,7.6656,471.58,0.0,0.2229
5.5891259,74.9974,11.869,458.08,7.6405,465.73,0.0,0.2218
5.6170716,75.0005,11.779,452.33,7.6154,459.95,0.0,0.2207
5.6451569,75.0031,11.689,446.66,7.5903,454.25,0.0,0.2196
5.6733827,75.0052,11.6,441.06,7.5652,448.62,0.0,0.2185
5.7017496,75.0067,11.512,435.53,7.5401,443.07,0.0,0.2174
5.7302584,75.0078,11.425,430.08,7.515,437.6,0.0,0.2164
5.7589096,75.0084,11.339,424.7,7.4898,432.19,0.0,0.2153
5.7877042,75.0085,11.253,419.39,7.4646,426.86,0.0,0.2142
5.8166427,75.0082,11.168,414.16,7.4395,421.6,0.0,0.2132
5.8457259,75.0075,11.084,408.99,7.4143,416.4,0.0,0.2121
5.8749546,75.0063,11.0,403.89,7.3891,411.28,0.0,0.211
5.9043293,75.0048,10.917,398.83,7.3639,406.2,0.0,0.21
5.933851,75.0028,10.834,393.84,7.3386,401.17,0.0,0.2089
5.9635202,75.0005,10.752,388.91,7.3134,396.22,0.0,0.2079
5.9933378,74.9977,10.67,384.04,7.2882,391.33,0.0,0.2069
6.0233045,74.9946,10.59,379.24,7.2629,386.5,0.0,0.2058
6.053421,75.0335,10.51,374.51,7.2377,381.74,0.0,0.2048
6.0836882,75.0299,10.429,369.78,7.2124,376.99,0.0,0.2038
6.1141066,75.0259,10.349,365.12,7.1871,372.31,0.0,0.2028
6.1446771,75.0213,10.27,360.52,7.1619,367.68,0.0,0.2018
6.1754005,75.0163,10.191,355.98,7.1366,363.12,0.0,0.2008
6.2062775,75.0108,10.113,351.51,7.1113,358.62,0.0,0.1998
6.2373089,75.0049,10.036,347.07,7.0861,354.16,0.0,0.1988
6.2684954,74.9985,9.9587,342.69,7.0608,349.75,0.0,0.1978
6.2998379,74.9918,9.8823,338.37,7.0355,345.41,0.0,0.1968
6.3313371,74.9845,9.8066,334.11,7.0102,341.12,0.0,0.1958
6.3629938,74.9769,9.7316,329.91,6.985,336.89,0.0,0.1949
6.3948088,74.9689,9.6573,325.76,6.9597,332.72,0.0,0.1939
6.4267828,74.9605,9.5836,321.66,6.9344,328.6,0.0,0.1929
6.4589167,74.9517,9.5105,317.62,6.9091,324.53,0.0,0.192
6.4912113,74.9426,9.4381,313.64,6.8839,320.52,0.0,0.191
6.5236674,74.933,9.3664,309.7,6.8586,316.56,0.0,0.1901
6.5562857,74.9232,9.2952,305.82,6.8334,312.66,0.0,0.1891
6.5890671,74.913,9.2247,301.99,6.8081,308.8,0.0,0.1882
6.6220125,74.9187,9.1543,298.2,6.7829,304.98,0.0,0.1872
6.6551225,74.9079,9.0845,294.45,6.7576,301.21,0.0,0.1863
6.6883981,74.8967,9.0153,290.75,6.7324,297.48,0.0,0.1854
6.7218401,74.8852,8.9467,287.1,6.7072,293.81,0.0,0.1844
6.7554493,74.8733,8.8786,283.5,6.682,290.19,0.0,0.1835
6.7892266,74.861,8.8112,279.95,6.6568,286.61,0.0,0.1826
6.8231727,74.8484,8.7444,276.45,6.6316,283.08,0.0,0.1817
6.8572886,74.8355,8.6782,272.99,6.6064,279.59,0.0,0.1808
6.891575,74.8222,8.6125,269.57,6.5813,276.15,0.0,0.1799
6.9260329,74.8085,8.5474,266.2,6.5561,272.76,0.0,0.179
6.9606631,74.7946,8.4829,262.88,6.531,269.41,0.0,0.1781
6.9954664,74.7803,8.4189,259.6,6.5059,266.11,0.0,0.1772
7.0304437,74.7657,8.3555,256.36,6.4808,262.84,0.0,0.1764
7.0655959,74.7507,8.2926,253.17,6.4557,259.62,0.0,0.1755
7.1009239,74.7355,8.2303,250.02,6.4306,256.45,0.0,0.1746
7.1364285,74.7199,8.1686,246.91,6.4056,253.31,0.0,0.1737
7.1721107,74.7041,8.1073,243.84,6.3805,250.22,0.0,0.1729
7.2079712,74.6879,8.0466,240.81,6.3555,247.16,0.0,0.172
7.2440111,74.6714,7.9864,237.82,6.3305,244.15,0.0,0.1712
7.2802311,74.6546,7.9268,234.87,6.3055,241.17,0.0,0.1703
7.3166323,74.6376,7.8676,231.95,6.2806,238.23,0.0,0.1695
7.3532155,74.6202,7.809,229.08,6.2556,235.33,0.0,0.1686
7.3899815,74.6025,7.7509,226.24,6.2307,232.47,0.0,0.1678
7.4269314,74.5845,7.6933,223.44,6.2058,229.65,0.0,0.1669
7.4640661,74.5662,7.6361,220.68,6.1809,226.86,0.0,0.1661
7.5013864,74.5476,7.5795,217.95,6.1561,224.11,0.0,0.1653
7.5388934,74.5287,7.5233,215.26,6.1312,221.39,0.0,0.1645
7.5765878,74.5095,7.4677,212.61,6.1064,218.71,0.0,0.1636
7.6144708,74.49,7.4125,209.99,6.0816,216.07,0.0,0.1628
7.6525431,74.4701,7.3577,207.4,6.0569,213.46,0.0,0.162
7.6908058,74.45,7.3035,204.84,6.0322,210.88,0.0,0.1612
7.7292599,74.4296,7.2497,202.32,6.0075,208.33,0.0,0.1604
7.7679062,74.4089,7.1964,199.84,5.9828,205.82,0.0,0.1596
7.8067457,74.3878,7.1435,197.38,5.9581,203.34,0.0,0.1588
7.8457794,74.3664,7.0911,194.96,5.9335,200.89,0.0,0.158
7.8850083,74.3448,7.0391,192.57,5.9089,198.47,0.0,0.1572
7.9244334,74.3228,6.9875,190.21,5.8844,196.09,0.0,0.1565
7.9640555,74.3004,6.9364,187.87,5.8598,193.73,0.0,0.1557
8.0038758,74.2778,6.8858,185.57,5.8353,191.41,0.0,0.1549
8.0438952,74.2548,6.8355,183.3,5.8109,189.11,0.0,0.1541
8.0841147,74.2315,6.7857,181.06,5.7864,186.85,0.0,0.1534
8.1245352,74.2079,6.7363,178.85,5.762,184.61,0.0,0.1526
8.1651579,74.1839,6.6873,176.67,5.7377,182.4,0.0,0.1518
8.2059837,74.1596,6.6388,174.51,5.7133,180.22,0.0,0.1511
8.2470136,74.135,6.5906,172.38,5.689,178.07,0.0,0.1503
8.2882487,74.11,6.5429,170.28,5.6647,175.95,0.0,0.1496
8.3296899,74.0847,6.4955,168.21,5.6405,173.85,0.0,0.1488
8.3713384,74.059,6.4486,166.16,5.6163,171.78,0.0,0.1481
8.4131951,74.033,6.4021,164.14,5.5921,169.74,0.0,0.1474
8.455261,74.0066,6.3559,162.15,5.568,167.72,0.0,0.1466
8.4975373,73.9799,6.3101,160.18,5.5439,165.72,0.0,0.1459
8.540025,73.9529,6.2647,158.24,5.5199,163.76,0.0,0.1452
9.030794,73.6951,5.7619,137.63,5.2966,142.93,0.0,0.1373
9.653919,73.13,5.1487,115.04,4.9873,120.03,0.0,0.1284
10.32004,72.2348,4.5951,96.047,4.6867,100.73,0.0,0.1201
11.03212,70.5039,4.1092,80.347,4.3957,84.743,0.0,0.1124
11.33243,68.8504,3.9307,74.82,4.2813,79.101,0.0,0.1094
11.50588,66.1079,3.8327,71.853,4.2174,76.07,0.0,0.1078
11.55214,62.8977,3.8063,71.074,4.2007,75.275,0.0,0.1073
11.62152,66.0884,10.039,186.34,4.1757,190.52,0.0,0.1067
11.79334,68.8841,9.786,178.99,4.1148,183.1,0.0,0.1051
11.79497,68.8982,9.7837,178.92,4.1142,183.03,0.0,0.1051
12.60708,71.3032,8.7112,149.05,3.8447,152.89,0.0,0.09834
13.00715,70.9797,8.2482,136.79,3.7221,140.51,0.0,0.09532
13.20624,69.7834,8.0311,131.18,3.6634,134.84,0.0,0.09388
13.25933,68.199,7.9745,129.73,3.648,133.38,0.0,0.09351
13.33896,69.8565,11.061,178.88,3.625,182.5,0.0,0.09295
13.47697,71.0542,10.866,173.91,3.5858,177.5,0.0,0.092
13.53805,71.3171,10.781,171.78,3.5687,175.35,0.0,0.09158
13.6023,71.5115,10.693,169.57,3.5508,173.12,0.0,0.09115
13.8105,71.5297,10.415,162.67,3.4939,166.16,0.0,0.08978
13.86602,70.8526,10.343,160.9,3.4789,164.38,0.0,0.08942
13.9493,71.8848,11.865,183.48,3.4567,186.94,0.0,0.08888
14.1575,73.0669,11.594,176.65,3.4021,180.05,0.0,0.08757
14.40688,73.8451,11.283,168.93,3.3385,172.27,0.0,0.08606
15.40095,75.5654,10.156,142.24,3.1029,145.34,0.0,0.0805
16.46362,76.5401,9.1308,119.63,2.8792,122.51,0.0,0.07531
17.59961,77.1783,8.2076,100.6,2.6674,103.27,0.0,0.07045
18.81398,77.607,7.3678,84.474,2.4674,86.941,0.0,0.0659
20.11215,77.8921,6.614,70.936,2.2791,73.215,0.0,0.06165
21.49988,78.0801,5.9398,59.594,2.1022,61.696,0.0,0.05767
22.98338,78.2008,5.3372,50.091,1.9366,52.028,0.0,0.05395
24.56923,78.3316,4.7908,42.061,1.7818,43.843,0.0,0.05046
26.2645,78.3662,4.3029,35.34,1.6375,36.978,0.0,0.04721
28.07676,78.4496,3.8346,29.461,1.5033,30.964,0.0,0.04416
30.01405,78.4172,3.4044,24.467,1.3789,25.846,0.0,0.04131
32.08502,78.3568,3.0249,20.337,1.2637,21.601,0.0,0.03864
34.29889,78.2796,2.6899,16.917,1.1573,18.074,0.0,0.03615
36.66551,78.1915,2.394,14.084,1.0592,15.143,0.0,0.03381
39.19543,78.0962,2.1323,11.735,0.969,12.704,0.0,0.03163
41.89992,77.9955,1.9008,9.7858,0.88619,10.672,0.0,0.02959
44.79101,77.8905,1.6959,8.167,0.81032,8.9773,0.0,0.02768
47.88159,77.7808,1.514,6.8207,0.74093,7.5616,0.0,0.02589
51.18542,77.6651,1.3516,5.696,0.67758,6.3736,0.0,0.02422
54.71721,77.5387,1.2057,4.7532,0.61983,5.373,0.0,0.02266
58.4927,77.3958,1.0758,3.9674,0.56728,4.5347,0.0,0.0212
62.5287,77.2241,0.95706,3.3016,0.51953,3.8211,0.0,0.01983
66.84318,76.9955,0.85033,2.7441,0.4762,3.2203,0.0,0.01855
71.45536,76.6375,0.75579,2.2816,0.43692,2.7185,0.0,0.01735
76.38578,75.7414,0.67191,1.8974,0.40137,2.2988,0.0,0.01623
76.8269,75.5554,0.66514,1.8675,0.39847,2.266,0.0,0.01614
78.00282,74.4831,0.64764,1.791,0.39092,2.1819,0.0,0.01589
78.3164,73.1997,0.6431,1.7713,0.38896,2.1603,0.0,0.01583
78.78677,74.4981,3.1616,8.6561,0.38605,9.0422,6.914,0.01574
79.96269,75.6651,3.0867,8.3267,0.37897,8.7057,6.654,0.01551
81.6564,76.2943,2.9959,7.9141,0.36922,8.2833,6.339,0.01518
87.29069,77.1764,2.7112,6.6997,0.34016,7.0399,5.399,0.0142
93.31374,77.6103,2.4374,5.6344,0.31392,5.9483,4.559,0.01329
99.75239,77.8719,2.1733,4.6996,0.29024,4.9898,3.81,0.01243
106.6353,78.0302,1.9395,3.9234,0.26888,4.1923,3.187,0.01163
113.9931,78.1365,1.7348,3.2827,0.2496,3.5323,2.673,0.01088
121.8587,78.2074,1.5519,2.747,0.23221,2.9792,2.241,0.01017
130.2669,78.2536,1.3884,2.2991,0.21651,2.5156,1.88,0.009518
139.2553,78.2822,1.2424,1.9244,0.20234,2.1267,1.576,0.008903
148.864,78.2982,1.1118,1.611,0.18952,1.8005,1.322,0.008329
159.1356,78.3315,0.99455,1.3481,0.17793,1.526,1.108,0.007791
170.1159,78.33,0.88804,1.126,0.16742,1.2934,0.9263,0.007288
181.8539,78.3228,0.79302,0.94065,0.15787,1.0985,0.7745,0.006818
194.4018,78.3119,0.70825,0.78587,0.14919,0.93506,0.6476,0.006378
207.8156,78.2983,0.6326,0.65662,0.14126,0.79788,0.5414,0.005966
222.1548,78.2831,0.56508,0.54868,0.13402,0.6827,0.4527,0.005581
237.4835,78.2669,0.50482,0.45853,0.12737,0.5859,0.3785,0.005221
253.8699,78.2503,0.45103,0.38323,0.12126,0.50449,0.3165,0.004884
271.3869,78.2334,0.403,0.32032,0.11561,0.43593,0.2646,0.004569
290.1126,78.2167,0.36012,0.26776,0.11038,0.37814,0.2212,0.004274
310.1304,78.2003,0.32183,0.22384,0.10551,0.32935,0.185,0.003998
331.5294,78.1841,0.28763,0.18715,0.10096,0.28811,0.1547,0.00374
354.4049,78.1683,0.25855,0.15737,0.096697,0.25407,0.1302,0.003498
378.8588,78.1543,0.2332,0.13277,0.092687,0.22546,0.1101,0.003273
405.0001,78.1417,0.21035,0.11203,0.088901,0.20093,0.09302,0.003061
432.9451,78.13,0.18975,0.094541,0.085313,0.17985,0.07862,0.002864
